sale_date,revenue,month,quarter,year,day_of_week,is_weekend,has_campaign,is_holiday_season,is_december,day_name,month_name
2023-01-01,1133417.94,1,1,2023,6,1,1,0,0,Sun,Jan
2023-01-02,698894.69,1,1,2023,0,0,1,0,0,Mon,Jan
2023-01-03,713164.86,1,1,2023,1,0,1,0,0,Tue,Jan
2023-01-04,700771.7,1,1,2023,2,0,1,0,0,Wed,Jan
2023-01-05,720935.33,1,1,2023,3,0,1,0,0,Thu,Jan
2023-01-06,941099.22,1,1,2023,4,0,1,0,0,Fri,Jan
2023-01-07,1083316.15,1,1,2023,5,1,1,0,0,Sat,Jan
2023-01-08,1100131.59,1,1,2023,6,1,1,0,0,Sun,Jan
2023-01-09,711756.15,1,1,2023,0,0,1,0,0,Mon,Jan
2023-01-10,703350.47,1,1,2023,1,0,1,0,0,Tue,Jan
2023-01-11,711812.89,1,1,2023,2,0,1,0,0,Wed,Jan
2023-01-12,703804.62,1,1,2023,3,0,1,0,0,Thu,Jan
2023-01-13,951520.2,1,1,2023,4,0,1,0,0,Fri,Jan
2023-01-14,1102734.76,1,1,2023,5,1,1,0,0,Sat,Jan
2023-01-15,1104377.4,1,1,2023,6,1,1,0,0,Sun,Jan
2023-01-16,629898.73,1,1,2023,0,0,0,0,0,Mon,Jan
2023-01-17,647896.38,1,1,2023,1,0,0,0,0,Tue,Jan
2023-01-18,644189.66,1,1,2023,2,0,0,0,0,Wed,Jan
2023-01-19,663343.75,1,1,2023,3,0,0,0,0,Thu,Jan
2023-01-20,867312.6,1,1,2023,4,0,0,0,0,Fri,Jan
2023-01-21,976054.32,1,1,2023,5,1,0,0,0,Sat,Jan
2023-01-22,1008928.76,1,1,2023,6,1,0,0,0,Sun,Jan
2023-01-23,645105.0,1,1,2023,0,0,0,0,0,Mon,Jan
2023-01-24,654856.93,1,1,2023,1,0,0,0,0,Tue,Jan
2023-01-25,647477.72,1,1,2023,2,0,0,0,0,Wed,Jan
2023-01-26,646707.34,1,1,2023,3,0,0,0,0,Thu,Jan
2023-01-27,849624.92,1,1,2023,4,0,0,0,0,Fri,Jan
2023-01-28,1002923.42,1,1,2023,5,1,0,0,0,Sat,Jan
2023-01-29,1005928.14,1,1,2023,6,1,0,0,0,Sun,Jan
2023-01-30,622316.66,1,1,2023,0,0,0,0,0,Mon,Jan
2023-01-31,638586.83,1,1,2023,1,0,0,0,0,Tue,Jan
2023-02-01,643255.67,2,1,2023,2,0,0,0,0,Wed,Feb
2023-02-02,659254.81,2,1,2023,3,0,0,0,0,Thu,Feb
2023-02-03,860411.78,2,1,2023,4,0,0,0,0,Fri,Feb
2023-02-04,983917.23,2,1,2023,5,1,0,0,0,Sat,Feb
2023-02-05,1013528.28,2,1,2023,6,1,0,0,0,Sun,Feb
2023-02-06,645497.24,2,1,2023,0,0,0,0,0,Mon,Feb
2023-02-07,635579.56,2,1,2023,1,0,0,0,0,Tue,Feb
2023-02-08,645178.03,2,1,2023,2,0,0,0,0,Wed,Feb
2023-02-09,640096.73,2,1,2023,3,0,0,0,0,Thu,Feb
2023-02-10,856165.01,2,1,2023,4,0,0,0,0,Fri,Feb
2023-02-11,990529.56,2,1,2023,5,1,0,0,0,Sat,Feb
2023-02-12,995158.08,2,1,2023,6,1,0,0,0,Sun,Feb
2023-02-13,640658.71,2,1,2023,0,0,0,0,0,Mon,Feb
2023-02-14,645632.98,2,1,2023,1,0,0,0,0,Tue,Feb
2023-02-15,623617.34,2,1,2023,2,0,0,0,0,Wed,Feb
2023-02-16,649601.15,2,1,2023,3,0,0,0,0,Thu,Feb
2023-02-17,840792.01,2,1,2023,4,0,0,0,0,Fri,Feb
2023-02-18,1000291.27,2,1,2023,5,1,0,0,0,Sat,Feb
2023-02-19,1007497.74,2,1,2023,6,1,0,0,0,Sun,Feb
2023-02-20,645693.66,2,1,2023,0,0,0,0,0,Mon,Feb
2023-02-21,644198.65,2,1,2023,1,0,0,0,0,Tue,Feb
2023-02-22,640273.43,2,1,2023,2,0,0,0,0,Wed,Feb
2023-02-23,638737.65,2,1,2023,3,0,0,0,0,Thu,Feb
2023-02-24,842806.84,2,1,2023,4,0,0,0,0,Fri,Feb
2023-02-25,1028542.18,2,1,2023,5,1,0,0,0,Sat,Feb
2023-02-26,1007736.7,2,1,2023,6,1,0,0,0,Sun,Feb
2023-02-27,637517.61,2,1,2023,0,0,0,0,0,Mon,Feb
2023-02-28,633863.11,2,1,2023,1,0,0,0,0,Tue,Feb
2023-03-01,749248.92,3,1,2023,2,0,0,0,0,Wed,Mar
2023-03-02,729033.82,3,1,2023,3,0,0,0,0,Thu,Mar
2023-03-03,965977.62,3,1,2023,4,0,0,0,0,Fri,Mar
2023-03-04,1139334.56,3,1,2023,5,1,0,0,0,Sat,Mar
2023-03-05,1139094.72,3,1,2023,6,1,0,0,0,Sun,Mar
2023-03-06,721627.62,3,1,2023,0,0,0,0,0,Mon,Mar
2023-03-07,732990.19,3,1,2023,1,0,0,0,0,Tue,Mar
2023-03-08,723992.26,3,1,2023,2,0,0,0,0,Wed,Mar
2023-03-09,721589.5,3,1,2023,3,0,0,0,0,Thu,Mar
2023-03-10,969452.94,3,1,2023,4,0,0,0,0,Fri,Mar
2023-03-11,1149758.69,3,1,2023,5,1,0,0,0,Sat,Mar
2023-03-12,1122606.32,3,1,2023,6,1,0,0,0,Sun,Mar
2023-03-13,723208.52,3,1,2023,0,0,0,0,0,Mon,Mar
2023-03-14,720982.94,3,1,2023,1,0,0,0,0,Tue,Mar
2023-03-15,732041.65,3,1,2023,2,0,0,0,0,Wed,Mar
2023-03-16,728053.8,3,1,2023,3,0,0,0,0,Thu,Mar
2023-03-17,959361.79,3,1,2023,4,0,0,0,0,Fri,Mar
2023-03-18,1124334.48,3,1,2023,5,1,0,0,0,Sat,Mar
2023-03-19,1160414.56,3,1,2023,6,1,0,0,0,Sun,Mar
2023-03-20,737646.56,3,1,2023,0,0,0,0,0,Mon,Mar
2023-03-21,702681.7,3,1,2023,1,0,0,0,0,Tue,Mar
2023-03-22,982348.36,3,1,2023,2,0,1,0,0,Wed,Mar
2023-03-23,987207.05,3,1,2023,3,0,1,0,0,Thu,Mar
2023-03-24,1272394.81,3,1,2023,4,0,1,0,0,Fri,Mar
2023-03-25,1526497.32,3,1,2023,5,1,1,0,0,Sat,Mar
2023-03-26,1514232.39,3,1,2023,6,1,1,0,0,Sun,Mar
2023-03-27,976074.28,3,1,2023,0,0,1,0,0,Mon,Mar
2023-03-28,984770.61,3,1,2023,1,0,1,0,0,Tue,Mar
2023-03-29,988814.31,3,1,2023,2,0,1,0,0,Wed,Mar
2023-03-30,957492.96,3,1,2023,3,0,1,0,0,Thu,Mar
2023-03-31,1303855.54,3,1,2023,4,0,1,0,0,Fri,Mar
2023-04-01,1536689.13,4,2,2023,5,1,1,0,0,Sat,Apr
2023-04-02,1542578.52,4,2,2023,6,1,1,0,0,Sun,Apr
2023-04-03,987921.98,4,2,2023,0,0,1,0,0,Mon,Apr
2023-04-04,976500.07,4,2,2023,1,0,1,0,0,Tue,Apr
2023-04-05,961009.71,4,2,2023,2,0,1,0,0,Wed,Apr
2023-04-06,981392.72,4,2,2023,3,0,1,0,0,Thu,Apr
2023-04-07,1304471.19,4,2,2023,4,0,1,0,0,Fri,Apr
2023-04-08,1520687.97,4,2,2023,5,1,1,0,0,Sat,Apr
2023-04-09,1563143.3,4,2,2023,6,1,1,0,0,Sun,Apr
2023-04-10,986921.97,4,2,2023,0,0,1,0,0,Mon,Apr
2023-04-11,977362.66,4,2,2023,1,0,1,0,0,Tue,Apr
2023-04-12,1002191.18,4,2,2023,2,0,1,0,0,Wed,Apr
2023-04-13,980771.02,4,2,2023,3,0,1,0,0,Thu,Apr
2023-04-14,1280773.47,4,2,2023,4,0,1,0,0,Fri,Apr
2023-04-15,1514365.15,4,2,2023,5,1,1,0,0,Sat,Apr
2023-04-16,1507560.24,4,2,2023,6,1,1,0,0,Sun,Apr
2023-04-17,966467.16,4,2,2023,0,0,1,0,0,Mon,Apr
2023-04-18,988586.77,4,2,2023,1,0,1,0,0,Tue,Apr
2023-04-19,995855.63,4,2,2023,2,0,1,0,0,Wed,Apr
2023-04-20,975407.99,4,2,2023,3,0,1,0,0,Thu,Apr
2023-04-21,2278702.11,4,2,2023,4,0,1,0,0,Fri,Apr
2023-04-22,1995480.9,4,2,2023,5,1,1,0,0,Sat,Apr
2023-04-23,2000632.36,4,2,2023,6,1,1,0,0,Sun,Apr
2023-04-24,1272410.7,4,2,2023,0,0,1,0,0,Mon,Apr
2023-04-25,1278246.59,4,2,2023,1,0,1,0,0,Tue,Apr
2023-04-26,1268414.94,4,2,2023,2,0,1,0,0,Wed,Apr
2023-04-27,1296943.31,4,2,2023,3,0,1,0,0,Thu,Apr
2023-04-28,1687610.2,4,2,2023,4,0,1,0,0,Fri,Apr
2023-04-29,1148652.26,4,2,2023,5,1,0,0,0,Sat,Apr
2023-04-30,1165614.28,4,2,2023,6,1,0,0,0,Sun,Apr
2023-05-01,682655.16,5,2,2023,0,0,0,0,0,Mon,May
2023-05-02,678805.57,5,2,2023,1,0,0,0,0,Tue,May
2023-05-03,686899.56,5,2,2023,2,0,0,0,0,Wed,May
2023-05-04,715091.13,5,2,2023,3,0,0,0,0,Thu,May
2023-05-05,923474.12,5,2,2023,4,0,0,0,0,Fri,May
2023-05-06,1100303.07,5,2,2023,5,1,0,0,0,Sat,May
2023-05-07,1087346.0,5,2,2023,6,1,0,0,0,Sun,May
2023-05-08,692126.5,5,2,2023,0,0,0,0,0,Mon,May
2023-05-09,705279.47,5,2,2023,1,0,0,0,0,Tue,May
2023-05-10,679310.42,5,2,2023,2,0,0,0,0,Wed,May
2023-05-11,684420.44,5,2,2023,3,0,0,0,0,Thu,May
2023-05-12,902144.2,5,2,2023,4,0,0,0,0,Fri,May
2023-05-13,1079867.69,5,2,2023,5,1,0,0,0,Sat,May
2023-05-14,1052876.12,5,2,2023,6,1,0,0,0,Sun,May
2023-05-15,679829.11,5,2,2023,0,0,0,0,0,Mon,May
2023-05-16,693577.56,5,2,2023,1,0,0,0,0,Tue,May
2023-05-17,685874.63,5,2,2023,2,0,0,0,0,Wed,May
2023-05-18,699986.99,5,2,2023,3,0,0,0,0,Thu,May
2023-05-19,922204.62,5,2,2023,4,0,0,0,0,Fri,May
2023-05-20,1096494.7,5,2,2023,5,1,0,0,0,Sat,May
2023-05-21,1066637.49,5,2,2023,6,1,0,0,0,Sun,May
2023-05-22,697476.89,5,2,2023,0,0,0,0,0,Mon,May
2023-05-23,707124.05,5,2,2023,1,0,0,0,0,Tue,May
2023-05-24,700284.02,5,2,2023,2,0,0,0,0,Wed,May
2023-05-25,689011.07,5,2,2023,3,0,0,0,0,Thu,May
2023-05-26,930640.56,5,2,2023,4,0,0,0,0,Fri,May
2023-05-27,1063563.52,5,2,2023,5,1,0,0,0,Sat,May
2023-05-28,1085969.0,5,2,2023,6,1,0,0,0,Sun,May
2023-05-29,695281.52,5,2,2023,0,0,0,0,0,Mon,May
2023-05-30,686400.99,5,2,2023,1,0,0,0,0,Tue,May
2023-05-31,697941.54,5,2,2023,2,0,0,0,0,Wed,May
2023-06-01,677487.92,6,2,2023,3,0,0,0,0,Thu,Jun
2023-06-02,923014.7,6,2,2023,4,0,0,0,0,Fri,Jun
2023-06-03,1082724.98,6,2,2023,5,1,0,0,0,Sat,Jun
2023-06-04,1077452.43,6,2,2023,6,1,0,0,0,Sun,Jun
2023-06-05,673387.37,6,2,2023,0,0,0,0,0,Mon,Jun
2023-06-06,668392.14,6,2,2023,1,0,0,0,0,Tue,Jun
2023-06-07,684623.24,6,2,2023,2,0,0,0,0,Wed,Jun
2023-06-08,705192.08,6,2,2023,3,0,0,0,0,Thu,Jun
2023-06-09,949862.12,6,2,2023,4,0,0,0,0,Fri,Jun
2023-06-10,1098107.88,6,2,2023,5,1,0,0,0,Sat,Jun
2023-06-11,1082047.83,6,2,2023,6,1,0,0,0,Sun,Jun
2023-06-12,682957.44,6,2,2023,0,0,0,0,0,Mon,Jun
2023-06-13,689670.1,6,2,2023,1,0,0,0,0,Tue,Jun
2023-06-14,685308.5,6,2,2023,2,0,0,0,0,Wed,Jun
2023-06-15,838626.94,6,2,2023,3,0,1,0,0,Thu,Jun
2023-06-16,1117774.89,6,2,2023,4,0,1,0,0,Fri,Jun
2023-06-17,1281379.94,6,2,2023,5,1,1,0,0,Sat,Jun
2023-06-18,1312926.68,6,2,2023,6,1,1,0,0,Sun,Jun
2023-06-19,821426.88,6,2,2023,0,0,1,0,0,Mon,Jun
2023-06-20,830340.89,6,2,2023,1,0,1,0,0,Tue,Jun
2023-06-21,842143.17,6,2,2023,2,0,1,0,0,Wed,Jun
2023-06-22,824013.59,6,2,2023,3,0,1,0,0,Thu,Jun
2023-06-23,1059660.15,6,2,2023,4,0,1,0,0,Fri,Jun
2023-06-24,1292333.43,6,2,2023,5,1,1,0,0,Sat,Jun
2023-06-25,1267277.96,6,2,2023,6,1,1,0,0,Sun,Jun
2023-06-26,821280.39,6,2,2023,0,0,1,0,0,Mon,Jun
2023-06-27,816354.83,6,2,2023,1,0,1,0,0,Tue,Jun
2023-06-28,823003.63,6,2,2023,2,0,1,0,0,Wed,Jun
2023-06-29,845774.49,6,2,2023,3,0,1,0,0,Thu,Jun
2023-06-30,1112831.77,6,2,2023,4,0,1,0,0,Fri,Jun
2023-07-01,1217897.71,7,3,2023,5,1,1,0,0,Sat,Jul
2023-07-02,1206820.92,7,3,2023,6,1,1,0,0,Sun,Jul
2023-07-03,787706.79,7,3,2023,0,0,1,0,0,Mon,Jul
2023-07-04,785997.36,7,3,2023,1,0,1,0,0,Tue,Jul
2023-07-05,766365.49,7,3,2023,2,0,1,0,0,Wed,Jul
2023-07-06,766359.01,7,3,2023,3,0,1,0,0,Thu,Jul
2023-07-07,1063262.32,7,3,2023,4,0,1,0,0,Fri,Jul
2023-07-08,1224234.09,7,3,2023,5,1,1,0,0,Sat,Jul
2023-07-09,1213132.2,7,3,2023,6,1,1,0,0,Sun,Jul
2023-07-10,782157.08,7,3,2023,0,0,1,0,0,Mon,Jul
2023-07-11,787323.42,7,3,2023,1,0,1,0,0,Tue,Jul
2023-07-12,778862.12,7,3,2023,2,0,1,0,0,Wed,Jul
2023-07-13,776075.41,7,3,2023,3,0,1,0,0,Thu,Jul
2023-07-14,1036389.27,7,3,2023,4,0,1,0,0,Fri,Jul
2023-07-15,1222376.41,7,3,2023,5,1,1,0,0,Sat,Jul
2023-07-16,1024173.91,7,3,2023,6,1,0,0,0,Sun,Jul
2023-07-17,662465.45,7,3,2023,0,0,0,0,0,Mon,Jul
2023-07-18,645399.66,7,3,2023,1,0,0,0,0,Tue,Jul
2023-07-19,644261.55,7,3,2023,2,0,0,0,0,Wed,Jul
2023-07-20,669410.0,7,3,2023,3,0,0,0,0,Thu,Jul
2023-07-21,872364.28,7,3,2023,4,0,0,0,0,Fri,Jul
2023-07-22,1008762.13,7,3,2023,5,1,0,0,0,Sat,Jul
2023-07-23,1025863.89,7,3,2023,6,1,0,0,0,Sun,Jul
2023-07-24,675617.71,7,3,2023,0,0,0,0,0,Mon,Jul
2023-07-25,649975.46,7,3,2023,1,0,0,0,0,Tue,Jul
2023-07-26,669833.82,7,3,2023,2,0,0,0,0,Wed,Jul
2023-07-27,658377.73,7,3,2023,3,0,0,0,0,Thu,Jul
2023-07-28,893056.37,7,3,2023,4,0,0,0,0,Fri,Jul
2023-07-29,1035228.5,7,3,2023,5,1,0,0,0,Sat,Jul
2023-07-30,1028964.14,7,3,2023,6,1,0,0,0,Sun,Jul
2023-07-31,650049.12,7,3,2023,0,0,0,0,0,Mon,Jul
2023-08-01,647254.87,8,3,2023,1,0,0,0,0,Tue,Aug
2023-08-02,669339.13,8,3,2023,2,0,0,0,0,Wed,Aug
2023-08-03,649395.15,8,3,2023,3,0,0,0,0,Thu,Aug
2023-08-04,879314.77,8,3,2023,4,0,0,0,0,Fri,Aug
2023-08-05,1023882.13,8,3,2023,5,1,0,0,0,Sat,Aug
2023-08-06,1002685.32,8,3,2023,6,1,0,0,0,Sun,Aug
2023-08-07,654138.62,8,3,2023,0,0,0,0,0,Mon,Aug
2023-08-08,665202.42,8,3,2023,1,0,0,0,0,Tue,Aug
2023-08-09,658518.25,8,3,2023,2,0,0,0,0,Wed,Aug
2023-08-10,665642.34,8,3,2023,3,0,0,0,0,Thu,Aug
2023-08-11,902134.91,8,3,2023,4,0,0,0,0,Fri,Aug
2023-08-12,994666.02,8,3,2023,5,1,0,0,0,Sat,Aug
2023-08-13,1035077.82,8,3,2023,6,1,0,0,0,Sun,Aug
2023-08-14,652145.19,8,3,2023,0,0,0,0,0,Mon,Aug
2023-08-15,880276.23,8,3,2023,1,0,1,0,0,Tue,Aug
2023-08-16,862406.17,8,3,2023,2,0,1,0,0,Wed,Aug
2023-08-17,878502.2,8,3,2023,3,0,1,0,0,Thu,Aug
2023-08-18,1190174.64,8,3,2023,4,0,1,0,0,Fri,Aug
2023-08-19,1348905.04,8,3,2023,5,1,1,0,0,Sat,Aug
2023-08-20,1395747.26,8,3,2023,6,1,1,0,0,Sun,Aug
2023-08-21,904645.87,8,3,2023,0,0,1,0,0,Mon,Aug
2023-08-22,894212.92,8,3,2023,1,0,1,0,0,Tue,Aug
2023-08-23,907580.79,8,3,2023,2,0,1,0,0,Wed,Aug
2023-08-24,875542.94,8,3,2023,3,0,1,0,0,Thu,Aug
2023-08-25,1184862.49,8,3,2023,4,0,1,0,0,Fri,Aug
2023-08-26,1381271.27,8,3,2023,5,1,1,0,0,Sat,Aug
2023-08-27,1352038.41,8,3,2023,6,1,1,0,0,Sun,Aug
2023-08-28,881580.61,8,3,2023,0,0,1,0,0,Mon,Aug
2023-08-29,914540.44,8,3,2023,1,0,1,0,0,Tue,Aug
2023-08-30,879160.6,8,3,2023,2,0,1,0,0,Wed,Aug
2023-08-31,882417.57,8,3,2023,3,0,1,0,0,Thu,Aug
2023-09-01,1231620.99,9,3,2023,4,0,1,0,0,Fri,Sep
2023-09-02,1429360.49,9,3,2023,5,1,1,0,0,Sat,Sep
2023-09-03,1460734.67,9,3,2023,6,1,1,0,0,Sun,Sep
2023-09-04,933421.7,9,3,2023,0,0,1,0,0,Mon,Sep
2023-09-05,951895.19,9,3,2023,1,0,1,0,0,Tue,Sep
2023-09-06,944427.2,9,3,2023,2,0,1,0,0,Wed,Sep
2023-09-07,921176.95,9,3,2023,3,0,1,0,0,Thu,Sep
2023-09-08,1263959.88,9,3,2023,4,0,1,0,0,Fri,Sep
2023-09-09,1421420.84,9,3,2023,5,1,1,0,0,Sat,Sep
2023-09-10,1464908.6,9,3,2023,6,1,1,0,0,Sun,Sep
2023-09-11,687873.22,9,3,2023,0,0,0,0,0,Mon,Sep
2023-09-12,699466.5,9,3,2023,1,0,0,0,0,Tue,Sep
2023-09-13,693434.19,9,3,2023,2,0,0,0,0,Wed,Sep
2023-09-14,682879.92,9,3,2023,3,0,0,0,0,Thu,Sep
2023-09-15,914042.36,9,3,2023,4,0,0,0,0,Fri,Sep
2023-09-16,1074934.95,9,3,2023,5,1,0,0,0,Sat,Sep
2023-09-17,1066038.09,9,3,2023,6,1,0,0,0,Sun,Sep
2023-09-18,694234.49,9,3,2023,0,0,0,0,0,Mon,Sep
2023-09-19,687131.53,9,3,2023,1,0,0,0,0,Tue,Sep
2023-09-20,690710.65,9,3,2023,2,0,0,0,0,Wed,Sep
2023-09-21,697639.2,9,3,2023,3,0,0,0,0,Thu,Sep
2023-09-22,925509.2,9,3,2023,4,0,0,0,0,Fri,Sep
2023-09-23,1089259.88,9,3,2023,5,1,0,0,0,Sat,Sep
2023-09-24,1049474.61,9,3,2023,6,1,0,0,0,Sun,Sep
2023-09-25,687412.42,9,3,2023,0,0,0,0,0,Mon,Sep
2023-09-26,696617.7,9,3,2023,1,0,0,0,0,Tue,Sep
2023-09-27,687272.78,9,3,2023,2,0,0,0,0,Wed,Sep
2023-09-28,694334.66,9,3,2023,3,0,0,0,0,Thu,Sep
2023-09-29,917105.69,9,3,2023,4,0,0,0,0,Fri,Sep
2023-09-30,1071917.15,9,3,2023,5,1,0,0,0,Sat,Sep
2023-10-01,1146266.8,10,4,2023,6,1,0,0,0,Sun,Oct
2023-10-02,756689.57,10,4,2023,0,0,0,0,0,Mon,Oct
2023-10-03,735336.67,10,4,2023,1,0,0,0,0,Tue,Oct
2023-10-04,758512.44,10,4,2023,2,0,0,0,0,Wed,Oct
2023-10-05,745679.97,10,4,2023,3,0,0,0,0,Thu,Oct
2023-10-06,996241.71,10,4,2023,4,0,0,0,0,Fri,Oct
2023-10-07,1128976.26,10,4,2023,5,1,0,0,0,Sat,Oct
2023-10-08,1168184.49,10,4,2023,6,1,0,0,0,Sun,Oct
2023-10-09,741815.08,10,4,2023,0,0,0,0,0,Mon,Oct
2023-10-10,732837.19,10,4,2023,1,0,0,0,0,Tue,Oct
2023-10-11,728482.01,10,4,2023,2,0,0,0,0,Wed,Oct
2023-10-12,726558.63,10,4,2023,3,0,0,0,0,Thu,Oct
2023-10-13,991941.88,10,4,2023,4,0,0,0,0,Fri,Oct
2023-10-14,1136126.22,10,4,2023,5,1,0,0,0,Sat,Oct
2023-10-15,1174157.59,10,4,2023,6,1,0,0,0,Sun,Oct
2023-10-16,745990.51,10,4,2023,0,0,0,0,0,Mon,Oct
2023-10-17,752182.98,10,4,2023,1,0,0,0,0,Tue,Oct
2023-10-18,744990.22,10,4,2023,2,0,0,0,0,Wed,Oct
2023-10-19,744443.34,10,4,2023,3,0,0,0,0,Thu,Oct
2023-10-20,1001505.54,10,4,2023,4,0,0,0,0,Fri,Oct
2023-10-21,1156268.23,10,4,2023,5,1,0,0,0,Sat,Oct
2023-10-22,1156807.56,10,4,2023,6,1,0,0,0,Sun,Oct
2023-10-23,738261.55,10,4,2023,0,0,0,0,0,Mon,Oct
2023-10-24,759185.69,10,4,2023,1,0,0,0,0,Tue,Oct
2023-10-25,739187.41,10,4,2023,2,0,0,0,0,Wed,Oct
2023-10-26,736094.81,10,4,2023,3,0,0,0,0,Thu,Oct
2023-10-27,972838.23,10,4,2023,4,0,0,0,0,Fri,Oct
2023-10-28,1155247.11,10,4,2023,5,1,0,0,0,Sat,Oct
2023-10-29,1173599.23,10,4,2023,6,1,0,0,0,Sun,Oct
2023-10-30,761553.01,10,4,2023,0,0,0,0,0,Mon,Oct
2023-10-31,742987.23,10,4,2023,1,0,0,0,0,Tue,Oct
2023-11-01,1013238.11,11,4,2023,2,0,0,1,0,Wed,Nov
2023-11-02,1044301.92,11,4,2023,3,0,0,1,0,Thu,Nov
2023-11-03,1375407.7,11,4,2023,4,0,0,1,0,Fri,Nov
2023-11-04,1635576.9,11,4,2023,5,1,0,1,0,Sat,Nov
2023-11-05,1601447.81,11,4,2023,6,1,0,1,0,Sun,Nov
2023-11-06,1041217.74,11,4,2023,0,0,0,1,0,Mon,Nov
2023-11-07,1016080.43,11,4,2023,1,0,0,1,0,Tue,Nov
2023-11-08,1047190.91,11,4,2023,2,0,0,1,0,Wed,Nov
2023-11-09,1072606.64,11,4,2023,3,0,0,1,0,Thu,Nov
2023-11-10,1391603.5,11,4,2023,4,0,0,1,0,Fri,Nov
2023-11-11,1627350.04,11,4,2023,5,1,0,1,0,Sat,Nov
2023-11-12,1637281.7,11,4,2023,6,1,0,1,0,Sun,Nov
2023-11-13,1025206.97,11,4,2023,0,0,0,1,0,Mon,Nov
2023-11-14,1036708.84,11,4,2023,1,0,0,1,0,Tue,Nov
2023-11-15,1024731.34,11,4,2023,2,0,0,1,0,Wed,Nov
2023-11-16,1052325.68,11,4,2023,3,0,0,1,0,Thu,Nov
2023-11-17,1384911.7,11,4,2023,4,0,0,1,0,Fri,Nov
2023-11-18,1626392.57,11,4,2023,5,1,0,1,0,Sat,Nov
2023-11-19,1653910.61,11,4,2023,6,1,0,1,0,Sun,Nov
2023-11-20,1046417.54,11,4,2023,0,0,0,1,0,Mon,Nov
2023-11-21,1049396.64,11,4,2023,1,0,0,1,0,Tue,Nov
2023-11-22,1056573.44,11,4,2023,2,0,0,1,0,Wed,Nov
2023-11-23,1032212.74,11,4,2023,3,0,0,1,0,Thu,Nov
2023-11-24,3845702.54,11,4,2023,4,0,1,1,0,Fri,Nov
2023-11-25,4457216.55,11,4,2023,5,1,1,1,0,Sat,Nov
2023-11-26,4326387.63,11,4,2023,6,1,1,1,0,Sun,Nov
2023-11-27,4636323.71,11,4,2023,0,0,1,1,0,Mon,Nov
2023-11-28,1658327.0,11,4,2023,1,0,1,1,0,Tue,Nov
2023-11-29,1028244.01,11,4,2023,2,0,0,1,0,Wed,Nov
2023-11-30,1035637.27,11,4,2023,3,0,0,1,0,Thu,Nov
2023-12-01,1448445.58,12,4,2023,4,0,0,1,1,Fri,Dec
2023-12-02,1706132.17,12,4,2023,5,1,0,1,1,Sat,Dec
2023-12-03,1732637.41,12,4,2023,6,1,0,1,1,Sun,Dec
2023-12-04,1097829.85,12,4,2023,0,0,0,1,1,Mon,Dec
2023-12-05,1089527.36,12,4,2023,1,0,0,1,1,Tue,Dec
2023-12-06,1081140.26,12,4,2023,2,0,0,1,1,Wed,Dec
2023-12-07,1108644.97,12,4,2023,3,0,0,1,1,Thu,Dec
2023-12-08,1477272.16,12,4,2023,4,0,0,1,1,Fri,Dec
2023-12-09,1715565.62,12,4,2023,5,1,0,1,1,Sat,Dec
2023-12-10,3600566.39,12,4,2023,6,1,1,1,1,Sun,Dec
2023-12-11,2367261.81,12,4,2023,0,0,1,1,1,Mon,Dec
2023-12-12,2267572.17,12,4,2023,1,0,1,1,1,Tue,Dec
2023-12-13,2328896.72,12,4,2023,2,0,1,1,1,Wed,Dec
2023-12-14,2311624.19,12,4,2023,3,0,1,1,1,Thu,Dec
2023-12-15,3114212.08,12,4,2023,4,0,1,1,1,Fri,Dec
2023-12-16,3684857.57,12,4,2023,5,1,1,1,1,Sat,Dec
2023-12-17,3655387.72,12,4,2023,6,1,1,1,1,Sun,Dec
2023-12-18,2310328.06,12,4,2023,0,0,1,1,1,Mon,Dec
2023-12-19,2309554.77,12,4,2023,1,0,1,1,1,Tue,Dec
2023-12-20,2343687.12,12,4,2023,2,0,1,1,1,Wed,Dec
2023-12-21,2344651.41,12,4,2023,3,0,1,1,1,Thu,Dec
2023-12-22,3097567.42,12,4,2023,4,0,1,1,1,Fri,Dec
2023-12-23,3666959.78,12,4,2023,5,1,1,1,1,Sat,Dec
2023-12-24,3663118.22,12,4,2023,6,1,1,1,1,Sun,Dec
2023-12-25,2341923.16,12,4,2023,0,0,1,1,1,Mon,Dec
2023-12-26,1113748.72,12,4,2023,1,0,0,1,1,Tue,Dec
2023-12-27,1100909.34,12,4,2023,2,0,0,1,1,Wed,Dec
2023-12-28,1087981.04,12,4,2023,3,0,0,1,1,Thu,Dec
2023-12-29,1464228.38,12,4,2023,4,0,0,1,1,Fri,Dec
2023-12-30,1722042.19,12,4,2023,5,1,0,1,1,Sat,Dec
2023-12-31,1707128.69,12,4,2023,6,1,0,1,1,Sun,Dec
2024-01-01,740475.8,1,1,2024,0,0,1,0,0,Mon,Jan
2024-01-02,744848.14,1,1,2024,1,0,1,0,0,Tue,Jan
2024-01-03,748970.33,1,1,2024,2,0,1,0,0,Wed,Jan
2024-01-04,733370.36,1,1,2024,3,0,1,0,0,Thu,Jan
2024-01-05,971750.01,1,1,2024,4,0,1,0,0,Fri,Jan
2024-01-06,1139869.6,1,1,2024,5,1,1,0,0,Sat,Jan
2024-01-07,1162519.6,1,1,2024,6,1,1,0,0,Sun,Jan
2024-01-08,750617.6,1,1,2024,0,0,1,0,0,Mon,Jan
2024-01-09,732942.85,1,1,2024,1,0,1,0,0,Tue,Jan
2024-01-10,729618.63,1,1,2024,2,0,1,0,0,Wed,Jan
2024-01-11,752238.17,1,1,2024,3,0,1,0,0,Thu,Jan
2024-01-12,995414.59,1,1,2024,4,0,1,0,0,Fri,Jan
2024-01-13,1159500.56,1,1,2024,5,1,1,0,0,Sat,Jan
2024-01-14,1146677.09,1,1,2024,6,1,1,0,0,Sun,Jan
2024-01-15,756562.45,1,1,2024,0,0,1,0,0,Mon,Jan
2024-01-16,626137.82,1,1,2024,1,0,0,0,0,Tue,Jan
2024-01-17,633914.69,1,1,2024,2,0,0,0,0,Wed,Jan
2024-01-18,622388.25,1,1,2024,3,0,0,0,0,Thu,Jan
2024-01-19,859027.6,1,1,2024,4,0,0,0,0,Fri,Jan
2024-01-20,1000474.51,1,1,2024,5,1,0,0,0,Sat,Jan
2024-01-21,974651.46,1,1,2024,6,1,0,0,0,Sun,Jan
2024-01-22,624066.49,1,1,2024,0,0,0,0,0,Mon,Jan
2024-01-23,643187.65,1,1,2024,1,0,0,0,0,Tue,Jan
2024-01-24,635972.5,1,1,2024,2,0,0,0,0,Wed,Jan
2024-01-25,642023.48,1,1,2024,3,0,0,0,0,Thu,Jan
2024-01-26,841720.39,1,1,2024,4,0,0,0,0,Fri,Jan
2024-01-27,999015.67,1,1,2024,5,1,0,0,0,Sat,Jan
2024-01-28,1013707.41,1,1,2024,6,1,0,0,0,Sun,Jan
2024-01-29,634597.73,1,1,2024,0,0,0,0,0,Mon,Jan
2024-01-30,635042.58,1,1,2024,1,0,0,0,0,Tue,Jan
2024-01-31,629401.11,1,1,2024,2,0,0,0,0,Wed,Jan
2024-02-01,638062.1,2,1,2024,3,0,0,0,0,Thu,Feb
2024-02-02,846934.09,2,1,2024,4,0,0,0,0,Fri,Feb
2024-02-03,990288.13,2,1,2024,5,1,0,0,0,Sat,Feb
2024-02-04,1009972.45,2,1,2024,6,1,0,0,0,Sun,Feb
2024-02-05,633768.26,2,1,2024,0,0,0,0,0,Mon,Feb
2024-02-06,631592.19,2,1,2024,1,0,0,0,0,Tue,Feb
2024-02-07,633894.84,2,1,2024,2,0,0,0,0,Wed,Feb
2024-02-08,636497.81,2,1,2024,3,0,0,0,0,Thu,Feb
2024-02-09,843826.59,2,1,2024,4,0,0,0,0,Fri,Feb
2024-02-10,982803.17,2,1,2024,5,1,0,0,0,Sat,Feb
2024-02-11,991178.29,2,1,2024,6,1,0,0,0,Sun,Feb
2024-02-12,625464.41,2,1,2024,0,0,0,0,0,Mon,Feb
2024-02-13,636288.23,2,1,2024,1,0,0,0,0,Tue,Feb
2024-02-14,636191.11,2,1,2024,2,0,0,0,0,Wed,Feb
2024-02-15,638912.1,2,1,2024,3,0,0,0,0,Thu,Feb
2024-02-16,840245.18,2,1,2024,4,0,0,0,0,Fri,Feb
2024-02-17,998217.19,2,1,2024,5,1,0,0,0,Sat,Feb
2024-02-18,999273.72,2,1,2024,6,1,0,0,0,Sun,Feb
2024-02-19,638332.32,2,1,2024,0,0,0,0,0,Mon,Feb
2024-02-20,641729.22,2,1,2024,1,0,0,0,0,Tue,Feb
2024-02-21,643747.45,2,1,2024,2,0,0,0,0,Wed,Feb
2024-02-22,632938.1,2,1,2024,3,0,0,0,0,Thu,Feb
2024-02-23,848620.27,2,1,2024,4,0,0,0,0,Fri,Feb
2024-02-24,989105.96,2,1,2024,5,1,0,0,0,Sat,Feb
2024-02-25,983835.75,2,1,2024,6,1,0,0,0,Sun,Feb
2024-02-26,637873.18,2,1,2024,0,0,0,0,0,Mon,Feb
2024-02-27,644502.84,2,1,2024,1,0,0,0,0,Tue,Feb
2024-02-28,633250.81,2,1,2024,2,0,0,0,0,Wed,Feb
2024-02-29,636298.51,2,1,2024,3,0,0,0,0,Thu,Feb
2024-03-01,958984.03,3,1,2024,4,0,0,0,0,Fri,Mar
2024-03-02,1150047.14,3,1,2024,5,1,0,0,0,Sat,Mar
2024-03-03,1160516.55,3,1,2024,6,1,0,0,0,Sun,Mar
2024-03-04,743505.9,3,1,2024,0,0,0,0,0,Mon,Mar
2024-03-05,720210.19,3,1,2024,1,0,0,0,0,Tue,Mar
2024-03-06,728258.81,3,1,2024,2,0,0,0,0,Wed,Mar
2024-03-07,723462.71,3,1,2024,3,0,0,0,0,Thu,Mar
2024-03-08,969867.76,3,1,2024,4,0,0,0,0,Fri,Mar
2024-03-09,1158108.44,3,1,2024,5,1,0,0,0,Sat,Mar
2024-03-10,1151410.2,3,1,2024,6,1,0,0,0,Sun,Mar
2024-03-11,1026444.62,3,1,2024,0,0,1,0,0,Mon,Mar
2024-03-12,1021139.29,3,1,2024,1,0,1,0,0,Tue,Mar
2024-03-13,1031107.72,3,1,2024,2,0,1,0,0,Wed,Mar
2024-03-14,1018291.76,3,1,2024,3,0,1,0,0,Thu,Mar
2024-03-15,1361278.32,3,1,2024,4,0,1,0,0,Fri,Mar
2024-03-16,1582561.21,3,1,2024,5,1,1,0,0,Sat,Mar
2024-03-17,1597813.25,3,1,2024,6,1,1,0,0,Sun,Mar
2024-03-18,1034509.44,3,1,2024,0,0,1,0,0,Mon,Mar
2024-03-19,1018020.11,3,1,2024,1,0,1,0,0,Tue,Mar
2024-03-20,1039334.98,3,1,2024,2,0,1,0,0,Wed,Mar
2024-03-21,1024531.43,3,1,2024,3,0,1,0,0,Thu,Mar
2024-03-22,1334391.33,3,1,2024,4,0,1,0,0,Fri,Mar
2024-03-23,1617106.85,3,1,2024,5,1,1,0,0,Sat,Mar
2024-03-24,1563570.47,3,1,2024,6,1,1,0,0,Sun,Mar
2024-03-25,997643.55,3,1,2024,0,0,1,0,0,Mon,Mar
2024-03-26,1054783.56,3,1,2024,1,0,1,0,0,Tue,Mar
2024-03-27,1012366.0,3,1,2024,2,0,1,0,0,Wed,Mar
2024-03-28,1019450.14,3,1,2024,3,0,1,0,0,Thu,Mar
2024-03-29,1365897.94,3,1,2024,4,0,1,0,0,Fri,Mar
2024-03-30,1571032.83,3,1,2024,5,1,1,0,0,Sat,Mar
2024-03-31,1594383.23,3,1,2024,6,1,1,0,0,Sun,Mar
2024-04-01,1033631.35,4,2,2024,0,0,1,0,0,Mon,Apr
2024-04-02,1007437.88,4,2,2024,1,0,1,0,0,Tue,Apr
2024-04-03,991163.93,4,2,2024,2,0,1,0,0,Wed,Apr
2024-04-04,1039444.44,4,2,2024,3,0,1,0,0,Thu,Apr
2024-04-05,1364252.33,4,2,2024,4,0,1,0,0,Fri,Apr
2024-04-06,1582028.53,4,2,2024,5,1,1,0,0,Sat,Apr
2024-04-07,1591278.46,4,2,2024,6,1,1,0,0,Sun,Apr
2024-04-08,1033534.56,4,2,2024,0,0,1,0,0,Mon,Apr
2024-04-09,1017315.33,4,2,2024,1,0,1,0,0,Tue,Apr
2024-04-10,1837996.04,4,2,2024,2,0,1,0,0,Wed,Apr
2024-04-11,1279278.19,4,2,2024,3,0,1,0,0,Thu,Apr
2024-04-12,1772205.75,4,2,2024,4,0,1,0,0,Fri,Apr
2024-04-13,2037529.91,4,2,2024,5,1,1,0,0,Sat,Apr
2024-04-14,2075234.44,4,2,2024,6,1,1,0,0,Sun,Apr
2024-04-15,1347177.77,4,2,2024,0,0,1,0,0,Mon,Apr
2024-04-16,1313428.62,4,2,2024,1,0,1,0,0,Tue,Apr
2024-04-17,1330105.2,4,2,2024,2,0,1,0,0,Wed,Apr
2024-04-18,734119.85,4,2,2024,3,0,0,0,0,Thu,Apr
2024-04-19,990448.87,4,2,2024,4,0,0,0,0,Fri,Apr
2024-04-20,1101820.07,4,2,2024,5,1,0,0,0,Sat,Apr
2024-04-21,1137983.58,4,2,2024,6,1,0,0,0,Sun,Apr
2024-04-22,742395.86,4,2,2024,0,0,0,0,0,Mon,Apr
2024-04-23,733639.79,4,2,2024,1,0,0,0,0,Tue,Apr
2024-04-24,715865.25,4,2,2024,2,0,0,0,0,Wed,Apr
2024-04-25,741061.22,4,2,2024,3,0,0,0,0,Thu,Apr
2024-04-26,966237.42,4,2,2024,4,0,0,0,0,Fri,Apr
2024-04-27,1125856.86,4,2,2024,5,1,0,0,0,Sat,Apr
2024-04-28,1133351.57,4,2,2024,6,1,0,0,0,Sun,Apr
2024-04-29,750614.86,4,2,2024,0,0,0,0,0,Mon,Apr
2024-04-30,706182.44,4,2,2024,1,0,0,0,0,Tue,Apr
2024-05-01,695204.41,5,2,2024,2,0,0,0,0,Wed,May
2024-05-02,693296.78,5,2,2024,3,0,0,0,0,Thu,May
2024-05-03,929271.9,5,2,2024,4,0,0,0,0,Fri,May
2024-05-04,1072508.76,5,2,2024,5,1,0,0,0,Sat,May
2024-05-05,1061444.0,5,2,2024,6,1,0,0,0,Sun,May
2024-05-06,689822.91,5,2,2024,0,0,0,0,0,Mon,May
2024-05-07,686864.43,5,2,2024,1,0,0,0,0,Tue,May
2024-05-08,693133.5,5,2,2024,2,0,0,0,0,Wed,May
2024-05-09,678292.74,5,2,2024,3,0,0,0,0,Thu,May
2024-05-10,926447.84,5,2,2024,4,0,0,0,0,Fri,May
2024-05-11,1057990.14,5,2,2024,5,1,0,0,0,Sat,May
2024-05-12,1084098.83,5,2,2024,6,1,0,0,0,Sun,May
2024-05-13,687770.44,5,2,2024,0,0,0,0,0,Mon,May
2024-05-14,679169.17,5,2,2024,1,0,0,0,0,Tue,May
2024-05-15,690436.81,5,2,2024,2,0,0,0,0,Wed,May
2024-05-16,699458.28,5,2,2024,3,0,0,0,0,Thu,May
2024-05-17,952256.77,5,2,2024,4,0,0,0,0,Fri,May
2024-05-18,1060004.62,5,2,2024,5,1,0,0,0,Sat,May
2024-05-19,1062804.43,5,2,2024,6,1,0,0,0,Sun,May
2024-05-20,698718.73,5,2,2024,0,0,0,0,0,Mon,May
2024-05-21,690929.84,5,2,2024,1,0,0,0,0,Tue,May
2024-05-22,692263.25,5,2,2024,2,0,0,0,0,Wed,May
2024-05-23,703238.2,5,2,2024,3,0,0,0,0,Thu,May
2024-05-24,931775.08,5,2,2024,4,0,0,0,0,Fri,May
2024-05-25,1057527.15,5,2,2024,5,1,0,0,0,Sat,May
2024-05-26,1053827.89,5,2,2024,6,1,0,0,0,Sun,May
2024-05-27,688293.38,5,2,2024,0,0,0,0,0,Mon,May
2024-05-28,692519.45,5,2,2024,1,0,0,0,0,Tue,May
2024-05-29,683429.26,5,2,2024,2,0,0,0,0,Wed,May
2024-05-30,690590.78,5,2,2024,3,0,0,0,0,Thu,May
2024-05-31,933191.09,5,2,2024,4,0,0,0,0,Fri,May
2024-06-01,1064610.08,6,2,2024,5,1,0,0,0,Sat,Jun
2024-06-02,1062418.52,6,2,2024,6,1,0,0,0,Sun,Jun
2024-06-03,692791.01,6,2,2024,0,0,0,0,0,Mon,Jun
2024-06-04,692264.73,6,2,2024,1,0,0,0,0,Tue,Jun
2024-06-05,706053.15,6,2,2024,2,0,0,0,0,Wed,Jun
2024-06-06,690597.16,6,2,2024,3,0,0,0,0,Thu,Jun
2024-06-07,928972.01,6,2,2024,4,0,0,0,0,Fri,Jun
2024-06-08,1106280.45,6,2,2024,5,1,0,0,0,Sat,Jun
2024-06-09,1078752.27,6,2,2024,6,1,0,0,0,Sun,Jun
2024-06-10,691476.7,6,2,2024,0,0,0,0,0,Mon,Jun
2024-06-11,701129.37,6,2,2024,1,0,0,0,0,Tue,Jun
2024-06-12,697803.35,6,2,2024,2,0,0,0,0,Wed,Jun
2024-06-13,699272.36,6,2,2024,3,0,0,0,0,Thu,Jun
2024-06-14,923366.86,6,2,2024,4,0,0,0,0,Fri,Jun
2024-06-15,1334898.41,6,2,2024,5,1,1,0,0,Sat,Jun
2024-06-16,1353778.9,6,2,2024,6,1,1,0,0,Sun,Jun
2024-06-17,859114.06,6,2,2024,0,0,1,0,0,Mon,Jun
2024-06-18,859181.34,6,2,2024,1,0,1,0,0,Tue,Jun
2024-06-19,855274.11,6,2,2024,2,0,1,0,0,Wed,Jun
2024-06-20,874542.8,6,2,2024,3,0,1,0,0,Thu,Jun
2024-06-21,1173691.5,6,2,2024,4,0,1,0,0,Fri,Jun
2024-06-22,1344440.11,6,2,2024,5,1,1,0,0,Sat,Jun
2024-06-23,1316350.78,6,2,2024,6,1,1,0,0,Sun,Jun
2024-06-24,859854.44,6,2,2024,0,0,1,0,0,Mon,Jun
2024-06-25,871642.42,6,2,2024,1,0,1,0,0,Tue,Jun
2024-06-26,858794.71,6,2,2024,2,0,1,0,0,Wed,Jun
2024-06-27,872921.74,6,2,2024,3,0,1,0,0,Thu,Jun
2024-06-28,1151593.18,6,2,2024,4,0,1,0,0,Fri,Jun
2024-06-29,1359318.57,6,2,2024,5,1,1,0,0,Sat,Jun
2024-06-30,1344080.75,6,2,2024,6,1,1,0,0,Sun,Jun
2024-07-01,809479.36,7,3,2024,0,0,1,0,0,Mon,Jul
2024-07-02,809917.61,7,3,2024,1,0,1,0,0,Tue,Jul
2024-07-03,820609.03,7,3,2024,2,0,1,0,0,Wed,Jul
2024-07-04,831545.83,7,3,2024,3,0,1,0,0,Thu,Jul
2024-07-05,1094209.22,7,3,2024,4,0,1,0,0,Fri,Jul
2024-07-06,1242163.65,7,3,2024,5,1,1,0,0,Sat,Jul
2024-07-07,1228692.36,7,3,2024,6,1,1,0,0,Sun,Jul
2024-07-08,813202.32,7,3,2024,0,0,1,0,0,Mon,Jul
2024-07-09,805364.81,7,3,2024,1,0,1,0,0,Tue,Jul
2024-07-10,801864.32,7,3,2024,2,0,1,0,0,Wed,Jul
2024-07-11,810226.82,7,3,2024,3,0,1,0,0,Thu,Jul
2024-07-12,1104375.82,7,3,2024,4,0,1,0,0,Fri,Jul
2024-07-13,1282391.37,7,3,2024,5,1,1,0,0,Sat,Jul
2024-07-14,1275064.14,7,3,2024,6,1,1,0,0,Sun,Jul
2024-07-15,801509.99,7,3,2024,0,0,1,0,0,Mon,Jul
2024-07-16,652086.07,7,3,2024,1,0,0,0,0,Tue,Jul
2024-07-17,660998.57,7,3,2024,2,0,0,0,0,Wed,Jul
2024-07-18,668607.57,7,3,2024,3,0,0,0,0,Thu,Jul
2024-07-19,866640.67,7,3,2024,4,0,0,0,0,Fri,Jul
2024-07-20,1060637.81,7,3,2024,5,1,0,0,0,Sat,Jul
2024-07-21,1034343.06,7,3,2024,6,1,0,0,0,Sun,Jul
2024-07-22,661471.2,7,3,2024,0,0,0,0,0,Mon,Jul
2024-07-23,658210.93,7,3,2024,1,0,0,0,0,Tue,Jul
2024-07-24,659315.52,7,3,2024,2,0,0,0,0,Wed,Jul
2024-07-25,655999.15,7,3,2024,3,0,0,0,0,Thu,Jul
2024-07-26,867690.89,7,3,2024,4,0,0,0,0,Fri,Jul
2024-07-27,1033937.61,7,3,2024,5,1,0,0,0,Sat,Jul
2024-07-28,1024090.44,7,3,2024,6,1,0,0,0,Sun,Jul
2024-07-29,669424.3,7,3,2024,0,0,0,0,0,Mon,Jul
2024-07-30,654249.97,7,3,2024,1,0,0,0,0,Tue,Jul
2024-07-31,662269.63,7,3,2024,2,0,0,0,0,Wed,Jul
2024-08-01,660965.07,8,3,2024,3,0,0,0,0,Thu,Aug
2024-08-02,886921.82,8,3,2024,4,0,0,0,0,Fri,Aug
2024-08-03,1001981.12,8,3,2024,5,1,0,0,0,Sat,Aug
2024-08-04,1023074.17,8,3,2024,6,1,0,0,0,Sun,Aug
2024-08-05,650737.06,8,3,2024,0,0,0,0,0,Mon,Aug
2024-08-06,673642.9,8,3,2024,1,0,0,0,0,Tue,Aug
2024-08-07,661125.41,8,3,2024,2,0,0,0,0,Wed,Aug
2024-08-08,668492.72,8,3,2024,3,0,0,0,0,Thu,Aug
2024-08-09,871670.18,8,3,2024,4,0,0,0,0,Fri,Aug
2024-08-10,1030453.08,8,3,2024,5,1,0,0,0,Sat,Aug
2024-08-11,1040665.28,8,3,2024,6,1,0,0,0,Sun,Aug
2024-08-12,652695.22,8,3,2024,0,0,0,0,0,Mon,Aug
2024-08-13,668711.78,8,3,2024,1,0,0,0,0,Tue,Aug
2024-08-14,653075.7,8,3,2024,2,0,0,0,0,Wed,Aug
2024-08-15,936195.06,8,3,2024,3,0,1,0,0,Thu,Aug
2024-08-16,1257437.46,8,3,2024,4,0,1,0,0,Fri,Aug
2024-08-17,1481652.59,8,3,2024,5,1,1,0,0,Sat,Aug
2024-08-18,1450184.49,8,3,2024,6,1,1,0,0,Sun,Aug
2024-08-19,921160.67,8,3,2024,0,0,1,0,0,Mon,Aug
2024-08-20,921535.98,8,3,2024,1,0,1,0,0,Tue,Aug
2024-08-21,928001.98,8,3,2024,2,0,1,0,0,Wed,Aug
2024-08-22,942940.46,8,3,2024,3,0,1,0,0,Thu,Aug
2024-08-23,1255672.45,8,3,2024,4,0,1,0,0,Fri,Aug
2024-08-24,1422479.72,8,3,2024,5,1,1,0,0,Sat,Aug
2024-08-25,1486638.39,8,3,2024,6,1,1,0,0,Sun,Aug
2024-08-26,925493.37,8,3,2024,0,0,1,0,0,Mon,Aug
2024-08-27,942283.78,8,3,2024,1,0,1,0,0,Tue,Aug
2024-08-28,942879.92,8,3,2024,2,0,1,0,0,Wed,Aug
2024-08-29,963854.93,8,3,2024,3,0,1,0,0,Thu,Aug
2024-08-30,1201719.86,8,3,2024,4,0,1,0,0,Fri,Aug
2024-08-31,1487558.91,8,3,2024,5,1,1,0,0,Sat,Aug
2024-09-01,1538203.23,9,3,2024,6,1,1,0,0,Sun,Sep
2024-09-02,977547.46,9,3,2024,0,0,1,0,0,Mon,Sep
2024-09-03,959176.89,9,3,2024,1,0,1,0,0,Tue,Sep
2024-09-04,984993.89,9,3,2024,2,0,1,0,0,Wed,Sep
2024-09-05,983665.06,9,3,2024,3,0,1,0,0,Thu,Sep
2024-09-06,1287507.25,9,3,2024,4,0,1,0,0,Fri,Sep
2024-09-07,1515562.99,9,3,2024,5,1,1,0,0,Sat,Sep
2024-09-08,1523387.05,9,3,2024,6,1,1,0,0,Sun,Sep
2024-09-09,972261.17,9,3,2024,0,0,1,0,0,Mon,Sep
2024-09-10,987154.92,9,3,2024,1,0,1,0,0,Tue,Sep
2024-09-11,722764.96,9,3,2024,2,0,0,0,0,Wed,Sep
2024-09-12,695572.46,9,3,2024,3,0,0,0,0,Thu,Sep
2024-09-13,931429.59,9,3,2024,4,0,0,0,0,Fri,Sep
2024-09-14,1087486.06,9,3,2024,5,1,0,0,0,Sat,Sep
2024-09-15,1085114.78,9,3,2024,6,1,0,0,0,Sun,Sep
2024-09-16,708270.58,9,3,2024,0,0,0,0,0,Mon,Sep
2024-09-17,672273.75,9,3,2024,1,0,0,0,0,Tue,Sep
2024-09-18,693609.65,9,3,2024,2,0,0,0,0,Wed,Sep
2024-09-19,689693.77,9,3,2024,3,0,0,0,0,Thu,Sep
2024-09-20,933599.32,9,3,2024,4,0,0,0,0,Fri,Sep
2024-09-21,1049965.8,9,3,2024,5,1,0,0,0,Sat,Sep
2024-09-22,1077739.55,9,3,2024,6,1,0,0,0,Sun,Sep
2024-09-23,677161.05,9,3,2024,0,0,0,0,0,Mon,Sep
2024-09-24,705031.87,9,3,2024,1,0,0,0,0,Tue,Sep
2024-09-25,679314.51,9,3,2024,2,0,0,0,0,Wed,Sep
2024-09-26,678604.61,9,3,2024,3,0,0,0,0,Thu,Sep
2024-09-27,929021.99,9,3,2024,4,0,0,0,0,Fri,Sep
2024-09-28,1086094.24,9,3,2024,5,1,0,0,0,Sat,Sep
2024-09-29,1078847.83,9,3,2024,6,1,0,0,0,Sun,Sep
2024-09-30,679413.81,9,3,2024,0,0,0,0,0,Mon,Sep
2024-10-01,744102.03,10,4,2024,1,0,0,0,0,Tue,Oct
2024-10-02,726867.13,10,4,2024,2,0,0,0,0,Wed,Oct
2024-10-03,748262.46,10,4,2024,3,0,0,0,0,Thu,Oct
2024-10-04,995774.85,10,4,2024,4,0,0,0,0,Fri,Oct
2024-10-05,1161484.44,10,4,2024,5,1,0,0,0,Sat,Oct
2024-10-06,1164659.72,10,4,2024,6,1,0,0,0,Sun,Oct
2024-10-07,740246.96,10,4,2024,0,0,0,0,0,Mon,Oct
2024-10-08,730906.27,10,4,2024,1,0,0,0,0,Tue,Oct
2024-10-09,768485.02,10,4,2024,2,0,0,0,0,Wed,Oct
2024-10-10,745522.38,10,4,2024,3,0,0,0,0,Thu,Oct
2024-10-11,991253.58,10,4,2024,4,0,0,0,0,Fri,Oct
2024-10-12,1162840.07,10,4,2024,5,1,0,0,0,Sat,Oct
2024-10-13,1161378.7,10,4,2024,6,1,0,0,0,Sun,Oct
2024-10-14,748603.17,10,4,2024,0,0,0,0,0,Mon,Oct
2024-10-15,748932.62,10,4,2024,1,0,0,0,0,Tue,Oct
2024-10-16,750634.46,10,4,2024,2,0,0,0,0,Wed,Oct
2024-10-17,739059.0,10,4,2024,3,0,0,0,0,Thu,Oct
2024-10-18,994227.25,10,4,2024,4,0,0,0,0,Fri,Oct
2024-10-19,1169581.05,10,4,2024,5,1,0,0,0,Sat,Oct
2024-10-20,1157123.28,10,4,2024,6,1,0,0,0,Sun,Oct
2024-10-21,745988.55,10,4,2024,0,0,0,0,0,Mon,Oct
2024-10-22,743431.36,10,4,2024,1,0,0,0,0,Tue,Oct
2024-10-23,753145.78,10,4,2024,2,0,0,0,0,Wed,Oct
2024-10-24,744699.41,10,4,2024,3,0,0,0,0,Thu,Oct
2024-10-25,993680.72,10,4,2024,4,0,0,0,0,Fri,Oct
2024-10-26,1168873.22,10,4,2024,5,1,0,0,0,Sat,Oct
2024-10-27,1144101.75,10,4,2024,6,1,0,0,0,Sun,Oct
2024-10-28,752615.03,10,4,2024,0,0,0,0,0,Mon,Oct
2024-10-29,734224.56,10,4,2024,1,0,0,0,0,Tue,Oct
2024-10-30,752559.38,10,4,2024,2,0,0,0,0,Wed,Oct
2024-10-31,743356.13,10,4,2024,3,0,0,0,0,Thu,Oct
2024-11-01,1401578.55,11,4,2024,4,0,0,1,0,Fri,Nov
2024-11-02,1581992.35,11,4,2024,5,1,0,1,0,Sat,Nov
2024-11-03,1641979.15,11,4,2024,6,1,0,1,0,Sun,Nov
2024-11-04,1046651.72,11,4,2024,0,0,0,1,0,Mon,Nov
2024-11-05,1029298.6,11,4,2024,1,0,0,1,0,Tue,Nov
2024-11-06,1020857.46,11,4,2024,2,0,0,1,0,Wed,Nov
2024-11-07,1023539.62,11,4,2024,3,0,0,1,0,Thu,Nov
2024-11-08,1388249.55,11,4,2024,4,0,0,1,0,Fri,Nov
2024-11-09,1608623.17,11,4,2024,5,1,0,1,0,Sat,Nov
2024-11-10,1647602.44,11,4,2024,6,1,0,1,0,Sun,Nov
2024-11-11,1030258.93,11,4,2024,0,0,0,1,0,Mon,Nov
2024-11-12,1023853.49,11,4,2024,1,0,0,1,0,Tue,Nov
2024-11-13,1064870.49,11,4,2024,2,0,0,1,0,Wed,Nov
2024-11-14,1034398.86,11,4,2024,3,0,0,1,0,Thu,Nov
2024-11-15,1368977.23,11,4,2024,4,0,0,1,0,Fri,Nov
2024-11-16,1602070.65,11,4,2024,5,1,0,1,0,Sat,Nov
2024-11-17,1621757.52,11,4,2024,6,1,0,1,0,Sun,Nov
2024-11-18,1030358.21,11,4,2024,0,0,0,1,0,Mon,Nov
2024-11-19,1034056.3,11,4,2024,1,0,0,1,0,Tue,Nov
2024-11-20,1042310.89,11,4,2024,2,0,0,1,0,Wed,Nov
2024-11-21,1072655.94,11,4,2024,3,0,0,1,0,Thu,Nov
2024-11-22,1409424.99,11,4,2024,4,0,0,1,0,Fri,Nov
2024-11-23,1647229.91,11,4,2024,5,1,0,1,0,Sat,Nov
2024-11-24,1590426.1,11,4,2024,6,1,0,1,0,Sun,Nov
2024-11-25,1025628.12,11,4,2024,0,0,0,1,0,Mon,Nov
2024-11-26,1066537.04,11,4,2024,1,0,0,1,0,Tue,Nov
2024-11-27,1040263.2,11,4,2024,2,0,0,1,0,Wed,Nov
2024-11-28,1021289.32,11,4,2024,3,0,0,1,0,Thu,Nov
2024-11-29,3855798.6,11,4,2024,4,0,1,1,0,Fri,Nov
2024-11-30,4587709.36,11,4,2024,5,1,1,1,0,Sat,Nov
2024-12-01,4850672.68,12,4,2024,6,1,1,1,1,Sun,Dec
2024-12-02,5227095.73,12,4,2024,0,0,1,1,1,Mon,Dec
2024-12-03,1805821.65,12,4,2024,1,0,1,1,1,Tue,Dec
2024-12-04,1113979.84,12,4,2024,2,0,0,1,1,Wed,Dec
2024-12-05,1109967.36,12,4,2024,3,0,0,1,1,Thu,Dec
2024-12-06,1466200.09,12,4,2024,4,0,0,1,1,Fri,Dec
2024-12-07,1714917.29,12,4,2024,5,1,0,1,1,Sat,Dec
2024-12-08,1712174.97,12,4,2024,6,1,0,1,1,Sun,Dec
2024-12-09,1089973.9,12,4,2024,0,0,0,1,1,Mon,Dec
2024-12-10,2430066.5,12,4,2024,1,0,1,1,1,Tue,Dec
2024-12-11,2459589.28,12,4,2024,2,0,1,1,1,Wed,Dec
2024-12-12,2422472.4,12,4,2024,3,0,1,1,1,Thu,Dec
2024-12-13,3263375.51,12,4,2024,4,0,1,1,1,Fri,Dec
2024-12-14,3761632.4,12,4,2024,5,1,1,1,1,Sat,Dec
2024-12-15,3804203.77,12,4,2024,6,1,1,1,1,Sun,Dec
2024-12-16,2453573.22,12,4,2024,0,0,1,1,1,Mon,Dec
2024-12-17,2472825.69,12,4,2024,1,0,1,1,1,Tue,Dec
2024-12-18,2452302.4,12,4,2024,2,0,1,1,1,Wed,Dec
2024-12-19,2456934.75,12,4,2024,3,0,1,1,1,Thu,Dec
2024-12-20,3254534.51,12,4,2024,4,0,1,1,1,Fri,Dec
2024-12-21,3679702.59,12,4,2024,5,1,1,1,1,Sat,Dec
2024-12-22,3832606.03,12,4,2024,6,1,1,1,1,Sun,Dec
2024-12-23,2352364.07,12,4,2024,0,0,1,1,1,Mon,Dec
2024-12-24,2432995.02,12,4,2024,1,0,1,1,1,Tue,Dec
2024-12-25,2496103.76,12,4,2024,2,0,1,1,1,Wed,Dec
2024-12-26,1101962.83,12,4,2024,3,0,0,1,1,Thu,Dec
2024-12-27,1484637.35,12,4,2024,4,0,0,1,1,Fri,Dec
2024-12-28,1676606.24,12,4,2024,5,1,0,1,1,Sat,Dec
2024-12-29,1708019.6,12,4,2024,6,1,0,1,1,Sun,Dec
2024-12-30,1103237.8,12,4,2024,0,0,0,1,1,Mon,Dec
2024-12-31,1103736.36,12,4,2024,1,0,0,1,1,Tue,Dec
2025-01-01,760358.24,1,1,2025,2,0,1,0,0,Wed,Jan
2025-01-02,747184.03,1,1,2025,3,0,1,0,0,Thu,Jan
2025-01-03,987864.77,1,1,2025,4,0,1,0,0,Fri,Jan
2025-01-04,1130217.02,1,1,2025,5,1,1,0,0,Sat,Jan
2025-01-05,1163004.58,1,1,2025,6,1,1,0,0,Sun,Jan
2025-01-06,736386.17,1,1,2025,0,0,1,0,0,Mon,Jan
2025-01-07,743548.44,1,1,2025,1,0,1,0,0,Tue,Jan
2025-01-08,737980.01,1,1,2025,2,0,1,0,0,Wed,Jan
2025-01-09,732865.18,1,1,2025,3,0,1,0,0,Thu,Jan
2025-01-10,1003087.6,1,1,2025,4,0,1,0,0,Fri,Jan
2025-01-11,1112401.38,1,1,2025,5,1,1,0,0,Sat,Jan
2025-01-12,1160134.65,1,1,2025,6,1,1,0,0,Sun,Jan
2025-01-13,753256.43,1,1,2025,0,0,1,0,0,Mon,Jan
2025-01-14,739880.45,1,1,2025,1,0,1,0,0,Tue,Jan
2025-01-15,753843.34,1,1,2025,2,0,1,0,0,Wed,Jan
2025-01-16,624638.82,1,1,2025,3,0,0,0,0,Thu,Jan
2025-01-17,845894.43,1,1,2025,4,0,0,0,0,Fri,Jan
2025-01-18,989482.06,1,1,2025,5,1,0,0,0,Sat,Jan
2025-01-19,993261.88,1,1,2025,6,1,0,0,0,Sun,Jan
2025-01-20,639314.81,1,1,2025,0,0,0,0,0,Mon,Jan
2025-01-21,641822.23,1,1,2025,1,0,0,0,0,Tue,Jan
2025-01-22,631855.52,1,1,2025,2,0,0,0,0,Wed,Jan
2025-01-23,626165.01,1,1,2025,3,0,0,0,0,Thu,Jan
2025-01-24,865762.14,1,1,2025,4,0,0,0,0,Fri,Jan
2025-01-25,993417.69,1,1,2025,5,1,0,0,0,Sat,Jan
2025-01-26,985337.89,1,1,2025,6,1,0,0,0,Sun,Jan
2025-01-27,634401.24,1,1,2025,0,0,0,0,0,Mon,Jan
2025-01-28,648038.18,1,1,2025,1,0,0,0,0,Tue,Jan
2025-01-29,630287.11,1,1,2025,2,0,0,0,0,Wed,Jan
2025-01-30,643503.35,1,1,2025,3,0,0,0,0,Thu,Jan
2025-01-31,860473.0,1,1,2025,4,0,0,0,0,Fri,Jan
2025-02-01,1000502.32,2,1,2025,5,1,0,0,0,Sat,Feb
2025-02-02,1016016.18,2,1,2025,6,1,0,0,0,Sun,Feb
2025-02-03,633192.46,2,1,2025,0,0,0,0,0,Mon,Feb
2025-02-04,646243.84,2,1,2025,1,0,0,0,0,Tue,Feb
2025-02-05,630506.92,2,1,2025,2,0,0,0,0,Wed,Feb
2025-02-06,647389.58,2,1,2025,3,0,0,0,0,Thu,Feb
2025-02-07,856685.24,2,1,2025,4,0,0,0,0,Fri,Feb
2025-02-08,995166.47,2,1,2025,5,1,0,0,0,Sat,Feb
2025-02-09,994502.8,2,1,2025,6,1,0,0,0,Sun,Feb
2025-02-10,633923.46,2,1,2025,0,0,0,0,0,Mon,Feb
2025-02-11,648449.81,2,1,2025,1,0,0,0,0,Tue,Feb
2025-02-12,630965.56,2,1,2025,2,0,0,0,0,Wed,Feb
2025-02-13,635938.73,2,1,2025,3,0,0,0,0,Thu,Feb
2025-02-14,856077.2,2,1,2025,4,0,0,0,0,Fri,Feb
2025-02-15,995377.0,2,1,2025,5,1,0,0,0,Sat,Feb
2025-02-16,1014732.48,2,1,2025,6,1,0,0,0,Sun,Feb
2025-02-17,623661.11,2,1,2025,0,0,0,0,0,Mon,Feb
2025-02-18,622565.41,2,1,2025,1,0,0,0,0,Tue,Feb
2025-02-19,639552.28,2,1,2025,2,0,0,0,0,Wed,Feb
2025-02-20,636423.58,2,1,2025,3,0,0,0,0,Thu,Feb
2025-02-21,859678.66,2,1,2025,4,0,0,0,0,Fri,Feb
2025-02-22,1004601.5,2,1,2025,5,1,0,0,0,Sat,Feb
2025-02-23,978166.22,2,1,2025,6,1,0,0,0,Sun,Feb
2025-02-24,633320.51,2,1,2025,0,0,0,0,0,Mon,Feb
2025-02-25,650128.68,2,1,2025,1,0,0,0,0,Tue,Feb
2025-02-26,646004.72,2,1,2025,2,0,0,0,0,Wed,Feb
2025-02-27,653033.96,2,1,2025,3,0,0,0,0,Thu,Feb
2025-02-28,1240965.92,2,1,2025,4,0,1,0,0,Fri,Feb
2025-03-01,1596372.52,3,1,2025,5,1,1,0,0,Sat,Mar
2025-03-02,1617846.24,3,1,2025,6,1,1,0,0,Sun,Mar
2025-03-03,998486.87,3,1,2025,0,0,1,0,0,Mon,Mar
2025-03-04,1021768.28,3,1,2025,1,0,1,0,0,Tue,Mar
2025-03-05,1015469.63,3,1,2025,2,0,1,0,0,Wed,Mar
2025-03-06,999895.68,3,1,2025,3,0,1,0,0,Thu,Mar
2025-03-07,1377645.27,3,1,2025,4,0,1,0,0,Fri,Mar
2025-03-08,1586406.23,3,1,2025,5,1,1,0,0,Sat,Mar
2025-03-09,1568332.47,3,1,2025,6,1,1,0,0,Sun,Mar
2025-03-10,1035110.72,3,1,2025,0,0,1,0,0,Mon,Mar
2025-03-11,1027330.73,3,1,2025,1,0,1,0,0,Tue,Mar
2025-03-12,1025621.68,3,1,2025,2,0,1,0,0,Wed,Mar
2025-03-13,1001383.19,3,1,2025,3,0,1,0,0,Thu,Mar
2025-03-14,1344796.66,3,1,2025,4,0,1,0,0,Fri,Mar
2025-03-15,1581729.28,3,1,2025,5,1,1,0,0,Sat,Mar
2025-03-16,1602291.0,3,1,2025,6,1,1,0,0,Sun,Mar
2025-03-17,1017396.57,3,1,2025,0,0,1,0,0,Mon,Mar
2025-03-18,1028696.89,3,1,2025,1,0,1,0,0,Tue,Mar
2025-03-19,1023300.42,3,1,2025,2,0,1,0,0,Wed,Mar
2025-03-20,1021535.37,3,1,2025,3,0,1,0,0,Thu,Mar
2025-03-21,1383556.94,3,1,2025,4,0,1,0,0,Fri,Mar
2025-03-22,1606525.75,3,1,2025,5,1,1,0,0,Sat,Mar
2025-03-23,1544207.04,3,1,2025,6,1,1,0,0,Sun,Mar
2025-03-24,1019747.24,3,1,2025,0,0,1,0,0,Mon,Mar
2025-03-25,997734.75,3,1,2025,1,0,1,0,0,Tue,Mar
2025-03-26,1031352.72,3,1,2025,2,0,1,0,0,Wed,Mar
2025-03-27,1005226.99,3,1,2025,3,0,1,0,0,Thu,Mar
2025-03-28,1354265.88,3,1,2025,4,0,1,0,0,Fri,Mar
2025-03-29,1571560.93,3,1,2025,5,1,1,0,0,Sat,Mar
2025-03-30,2937727.01,3,1,2025,6,1,1,0,0,Sun,Mar
2025-03-31,1389682.76,3,1,2025,0,0,1,0,0,Mon,Mar
2025-04-01,1400481.26,4,2,2025,1,0,1,0,0,Tue,Apr
2025-04-02,1395086.01,4,2,2025,2,0,1,0,0,Wed,Apr
2025-04-03,1401755.63,4,2,2025,3,0,1,0,0,Thu,Apr
2025-04-04,1845638.17,4,2,2025,4,0,1,0,0,Fri,Apr
2025-04-05,2183036.82,4,2,2025,5,1,1,0,0,Sat,Apr
2025-04-06,2144728.53,4,2,2025,6,1,1,0,0,Sun,Apr
2025-04-07,741035.99,4,2,2025,0,0,0,0,0,Mon,Apr
2025-04-08,725737.9,4,2,2025,1,0,0,0,0,Tue,Apr
2025-04-09,737437.25,4,2,2025,2,0,0,0,0,Wed,Apr
2025-04-10,728366.65,4,2,2025,3,0,0,0,0,Thu,Apr
2025-04-11,969522.47,4,2,2025,4,0,0,0,0,Fri,Apr
2025-04-12,1143181.67,4,2,2025,5,1,0,0,0,Sat,Apr
2025-04-13,1123898.57,4,2,2025,6,1,0,0,0,Sun,Apr
2025-04-14,725604.99,4,2,2025,0,0,0,0,0,Mon,Apr
2025-04-15,732328.88,4,2,2025,1,0,0,0,0,Tue,Apr
2025-04-16,721981.08,4,2,2025,2,0,0,0,0,Wed,Apr
2025-04-17,738540.19,4,2,2025,3,0,0,0,0,Thu,Apr
2025-04-18,986036.79,4,2,2025,4,0,0,0,0,Fri,Apr
2025-04-19,1144545.8,4,2,2025,5,1,0,0,0,Sat,Apr
2025-04-20,1122923.5,4,2,2025,6,1,0,0,0,Sun,Apr
2025-04-21,733806.88,4,2,2025,0,0,0,0,0,Mon,Apr
2025-04-22,727104.26,4,2,2025,1,0,0,0,0,Tue,Apr
2025-04-23,755278.2,4,2,2025,2,0,0,0,0,Wed,Apr
2025-04-24,731779.51,4,2,2025,3,0,0,0,0,Thu,Apr
2025-04-25,989864.93,4,2,2025,4,0,0,0,0,Fri,Apr
2025-04-26,1149925.91,4,2,2025,5,1,0,0,0,Sat,Apr
2025-04-27,1144214.67,4,2,2025,6,1,0,0,0,Sun,Apr
2025-04-28,719400.3,4,2,2025,0,0,0,0,0,Mon,Apr
2025-04-29,743808.56,4,2,2025,1,0,0,0,0,Tue,Apr
2025-04-30,728552.95,4,2,2025,2,0,0,0,0,Wed,Apr
2025-05-01,678414.41,5,2,2025,3,0,0,0,0,Thu,May
2025-05-02,903028.59,5,2,2025,4,0,0,0,0,Fri,May
2025-05-03,1092674.77,5,2,2025,5,1,0,0,0,Sat,May
2025-05-04,1081669.23,5,2,2025,6,1,0,0,0,Sun,May
2025-05-05,701732.14,5,2,2025,0,0,0,0,0,Mon,May
2025-05-06,703416.58,5,2,2025,1,0,0,0,0,Tue,May
2025-05-07,701042.53,5,2,2025,2,0,0,0,0,Wed,May
2025-05-08,692084.04,5,2,2025,3,0,0,0,0,Thu,May
2025-05-09,942674.69,5,2,2025,4,0,0,0,0,Fri,May
2025-05-10,1092311.77,5,2,2025,5,1,0,0,0,Sat,May
2025-05-11,1085026.66,5,2,2025,6,1,0,0,0,Sun,May
2025-05-12,700068.77,5,2,2025,0,0,0,0,0,Mon,May
2025-05-13,682612.84,5,2,2025,1,0,0,0,0,Tue,May
2025-05-14,688712.17,5,2,2025,2,0,0,0,0,Wed,May
2025-05-15,705765.99,5,2,2025,3,0,0,0,0,Thu,May
2025-05-16,923600.05,5,2,2025,4,0,0,0,0,Fri,May
2025-05-17,1058332.8,5,2,2025,5,1,0,0,0,Sat,May
2025-05-18,1073460.12,5,2,2025,6,1,0,0,0,Sun,May
2025-05-19,700345.35,5,2,2025,0,0,0,0,0,Mon,May
2025-05-20,692552.81,5,2,2025,1,0,0,0,0,Tue,May
2025-05-21,687167.07,5,2,2025,2,0,0,0,0,Wed,May
2025-05-22,686932.62,5,2,2025,3,0,0,0,0,Thu,May
2025-05-23,926453.87,5,2,2025,4,0,0,0,0,Fri,May
2025-05-24,1078095.59,5,2,2025,5,1,0,0,0,Sat,May
2025-05-25,1072677.99,5,2,2025,6,1,0,0,0,Sun,May
2025-05-26,697096.16,5,2,2025,0,0,0,0,0,Mon,May
2025-05-27,670524.32,5,2,2025,1,0,0,0,0,Tue,May
2025-05-28,702194.32,5,2,2025,2,0,0,0,0,Wed,May
2025-05-29,701929.37,5,2,2025,3,0,0,0,0,Thu,May
2025-05-30,904089.77,5,2,2025,4,0,0,0,0,Fri,May
2025-05-31,1078889.42,5,2,2025,5,1,0,0,0,Sat,May
2025-06-01,1069238.66,6,2,2025,6,1,0,0,0,Sun,Jun
2025-06-02,701475.31,6,2,2025,0,0,0,0,0,Mon,Jun
2025-06-03,696560.53,6,2,2025,1,0,0,0,0,Tue,Jun
2025-06-04,677330.14,6,2,2025,2,0,0,0,0,Wed,Jun
2025-06-05,701759.38,6,2,2025,3,0,0,0,0,Thu,Jun
2025-06-06,939210.12,6,2,2025,4,0,0,0,0,Fri,Jun
2025-06-07,1078020.45,6,2,2025,5,1,0,0,0,Sat,Jun
2025-06-08,1072168.99,6,2,2025,6,1,0,0,0,Sun,Jun
2025-06-09,684903.56,6,2,2025,0,0,0,0,0,Mon,Jun
2025-06-10,696714.71,6,2,2025,1,0,0,0,0,Tue,Jun
2025-06-11,682364.6,6,2,2025,2,0,0,0,0,Wed,Jun
2025-06-12,687684.89,6,2,2025,3,0,0,0,0,Thu,Jun
2025-06-13,925158.15,6,2,2025,4,0,0,0,0,Fri,Jun
2025-06-14,1065653.58,6,2,2025,5,1,0,0,0,Sat,Jun
2025-06-15,1319266.3,6,2,2025,6,1,1,0,0,Sun,Jun
2025-06-16,859436.99,6,2,2025,0,0,1,0,0,Mon,Jun
2025-06-17,865149.24,6,2,2025,1,0,1,0,0,Tue,Jun
2025-06-18,854557.57,6,2,2025,2,0,1,0,0,Wed,Jun
2025-06-19,885179.28,6,2,2025,3,0,1,0,0,Thu,Jun
2025-06-20,1142812.74,6,2,2025,4,0,1,0,0,Fri,Jun
2025-06-21,1361679.85,6,2,2025,5,1,1,0,0,Sat,Jun
2025-06-22,1309401.73,6,2,2025,6,1,1,0,0,Sun,Jun
2025-06-23,854344.66,6,2,2025,0,0,1,0,0,Mon,Jun
2025-06-24,870761.44,6,2,2025,1,0,1,0,0,Tue,Jun
2025-06-25,852123.42,6,2,2025,2,0,1,0,0,Wed,Jun
2025-06-26,853666.72,6,2,2025,3,0,1,0,0,Thu,Jun
2025-06-27,1141944.73,6,2,2025,4,0,1,0,0,Fri,Jun
2025-06-28,1339179.49,6,2,2025,5,1,1,0,0,Sat,Jun
2025-06-29,1324383.81,6,2,2025,6,1,1,0,0,Sun,Jun
2025-06-30,868945.97,6,2,2025,0,0,1,0,0,Mon,Jun
2025-07-01,811459.24,7,3,2025,1,0,1,0,0,Tue,Jul
2025-07-02,803297.47,7,3,2025,2,0,1,0,0,Wed,Jul
2025-07-03,818976.79,7,3,2025,3,0,1,0,0,Thu,Jul
2025-07-04,1084648.7,7,3,2025,4,0,1,0,0,Fri,Jul
2025-07-05,1257475.26,7,3,2025,5,1,1,0,0,Sat,Jul
2025-07-06,1249157.23,7,3,2025,6,1,1,0,0,Sun,Jul
2025-07-07,798646.5,7,3,2025,0,0,1,0,0,Mon,Jul
2025-07-08,821194.31,7,3,2025,1,0,1,0,0,Tue,Jul
2025-07-09,810662.25,7,3,2025,2,0,1,0,0,Wed,Jul
2025-07-10,806574.45,7,3,2025,3,0,1,0,0,Thu,Jul
2025-07-11,1068801.27,7,3,2025,4,0,1,0,0,Fri,Jul
2025-07-12,1260675.07,7,3,2025,5,1,1,0,0,Sat,Jul
2025-07-13,1259735.12,7,3,2025,6,1,1,0,0,Sun,Jul
2025-07-14,802581.56,7,3,2025,0,0,1,0,0,Mon,Jul
2025-07-15,812308.86,7,3,2025,1,0,1,0,0,Tue,Jul
2025-07-16,669976.38,7,3,2025,2,0,0,0,0,Wed,Jul
2025-07-17,658127.45,7,3,2025,3,0,0,0,0,Thu,Jul
2025-07-18,890377.43,7,3,2025,4,0,0,0,0,Fri,Jul
2025-07-19,1018859.28,7,3,2025,5,1,0,0,0,Sat,Jul
2025-07-20,1016760.24,7,3,2025,6,1,0,0,0,Sun,Jul
2025-07-21,645502.37,7,3,2025,0,0,0,0,0,Mon,Jul
2025-07-22,657947.46,7,3,2025,1,0,0,0,0,Tue,Jul
2025-07-23,651478.72,7,3,2025,2,0,0,0,0,Wed,Jul
2025-07-24,664775.29,7,3,2025,3,0,0,0,0,Thu,Jul
2025-07-25,879302.67,7,3,2025,4,0,0,0,0,Fri,Jul
2025-07-26,1036245.4,7,3,2025,5,1,0,0,0,Sat,Jul
2025-07-27,1047044.79,7,3,2025,6,1,0,0,0,Sun,Jul
2025-07-28,651342.65,7,3,2025,0,0,0,0,0,Mon,Jul
2025-07-29,652809.92,7,3,2025,1,0,0,0,0,Tue,Jul
2025-07-30,664457.06,7,3,2025,2,0,0,0,0,Wed,Jul
2025-07-31,655256.38,7,3,2025,3,0,0,0,0,Thu,Jul
2025-08-01,875422.23,8,3,2025,4,0,0,0,0,Fri,Aug
2025-08-02,1029056.72,8,3,2025,5,1,0,0,0,Sat,Aug
2025-08-03,1040746.87,8,3,2025,6,1,0,0,0,Sun,Aug
2025-08-04,652603.14,8,3,2025,0,0,0,0,0,Mon,Aug
2025-08-05,657063.62,8,3,2025,1,0,0,0,0,Tue,Aug
2025-08-06,655887.66,8,3,2025,2,0,0,0,0,Wed,Aug
2025-08-07,662304.03,8,3,2025,3,0,0,0,0,Thu,Aug
2025-08-08,889677.42,8,3,2025,4,0,0,0,0,Fri,Aug
2025-08-09,1018147.51,8,3,2025,5,1,0,0,0,Sat,Aug
2025-08-10,1036053.92,8,3,2025,6,1,0,0,0,Sun,Aug
2025-08-11,656107.09,8,3,2025,0,0,0,0,0,Mon,Aug
2025-08-12,655674.66,8,3,2025,1,0,0,0,0,Tue,Aug
2025-08-13,670401.37,8,3,2025,2,0,0,0,0,Wed,Aug
2025-08-14,653698.3,8,3,2025,3,0,0,0,0,Thu,Aug
2025-08-15,1247094.38,8,3,2025,4,0,1,0,0,Fri,Aug
2025-08-16,1460335.93,8,3,2025,5,1,1,0,0,Sat,Aug
2025-08-17,1448491.52,8,3,2025,6,1,1,0,0,Sun,Aug
2025-08-18,907532.8,8,3,2025,0,0,1,0,0,Mon,Aug
2025-08-19,928185.3,8,3,2025,1,0,1,0,0,Tue,Aug
2025-08-20,947882.94,8,3,2025,2,0,1,0,0,Wed,Aug
2025-08-21,939974.72,8,3,2025,3,0,1,0,0,Thu,Aug
2025-08-22,1252329.06,8,3,2025,4,0,1,0,0,Fri,Aug
2025-08-23,1421338.21,8,3,2025,5,1,1,0,0,Sat,Aug
2025-08-24,1443344.85,8,3,2025,6,1,1,0,0,Sun,Aug
2025-08-25,930416.58,8,3,2025,0,0,1,0,0,Mon,Aug
2025-08-26,924628.97,8,3,2025,1,0,1,0,0,Tue,Aug
2025-08-27,942124.13,8,3,2025,2,0,1,0,0,Wed,Aug
2025-08-28,950609.34,8,3,2025,3,0,1,0,0,Thu,Aug
2025-08-29,1261204.26,8,3,2025,4,0,1,0,0,Fri,Aug
2025-08-30,1471718.51,8,3,2025,5,1,1,0,0,Sat,Aug
2025-08-31,1468017.65,8,3,2025,6,1,1,0,0,Sun,Aug
2025-09-01,980585.03,9,3,2025,0,0,1,0,0,Mon,Sep
2025-09-02,973806.54,9,3,2025,1,0,1,0,0,Tue,Sep
2025-09-03,986841.11,9,3,2025,2,0,1,0,0,Wed,Sep
2025-09-04,974766.3,9,3,2025,3,0,1,0,0,Thu,Sep
2025-09-05,1311542.95,9,3,2025,4,0,1,0,0,Fri,Sep
2025-09-06,1533612.49,9,3,2025,5,1,1,0,0,Sat,Sep
2025-09-07,1528316.05,9,3,2025,6,1,1,0,0,Sun,Sep
2025-09-08,998814.01,9,3,2025,0,0,1,0,0,Mon,Sep
2025-09-09,981914.32,9,3,2025,1,0,1,0,0,Tue,Sep
2025-09-10,1005326.72,9,3,2025,2,0,1,0,0,Wed,Sep
2025-09-11,686718.6,9,3,2025,3,0,0,0,0,Thu,Sep
2025-09-12,931116.15,9,3,2025,4,0,0,0,0,Fri,Sep
2025-09-13,1095983.35,9,3,2025,5,1,0,0,0,Sat,Sep
2025-09-14,1084626.73,9,3,2025,6,1,0,0,0,Sun,Sep
2025-09-15,680321.96,9,3,2025,0,0,0,0,0,Mon,Sep
2025-09-16,676550.4,9,3,2025,1,0,0,0,0,Tue,Sep
2025-09-17,686776.25,9,3,2025,2,0,0,0,0,Wed,Sep
2025-09-18,669335.14,9,3,2025,3,0,0,0,0,Thu,Sep
2025-09-19,930086.61,9,3,2025,4,0,0,0,0,Fri,Sep
2025-09-20,1085366.97,9,3,2025,5,1,0,0,0,Sat,Sep
2025-09-21,1083641.44,9,3,2025,6,1,0,0,0,Sun,Sep
2025-09-22,671818.1,9,3,2025,0,0,0,0,0,Mon,Sep
2025-09-23,666127.1,9,3,2025,1,0,0,0,0,Tue,Sep
2025-09-24,703034.88,9,3,2025,2,0,0,0,0,Wed,Sep
2025-09-25,706345.37,9,3,2025,3,0,0,0,0,Thu,Sep
2025-09-26,903777.44,9,3,2025,4,0,0,0,0,Fri,Sep
2025-09-27,1066987.38,9,3,2025,5,1,0,0,0,Sat,Sep
2025-09-28,1082377.13,9,3,2025,6,1,0,0,0,Sun,Sep
2025-09-29,693833.86,9,3,2025,0,0,0,0,0,Mon,Sep
2025-09-30,692017.6,9,3,2025,1,0,0,0,0,Tue,Sep
2025-10-01,753760.21,10,4,2025,2,0,0,0,0,Wed,Oct
2025-10-02,734110.09,10,4,2025,3,0,0,0,0,Thu,Oct
2025-10-03,981159.09,10,4,2025,4,0,0,0,0,Fri,Oct
2025-10-04,1156414.66,10,4,2025,5,1,0,0,0,Sat,Oct
2025-10-05,1153641.1,10,4,2025,6,1,0,0,0,Sun,Oct
2025-10-06,740141.18,10,4,2025,0,0,0,0,0,Mon,Oct
2025-10-07,748905.63,10,4,2025,1,0,0,0,0,Tue,Oct
2025-10-08,737000.26,10,4,2025,2,0,0,0,0,Wed,Oct
2025-10-09,727171.6,10,4,2025,3,0,0,0,0,Thu,Oct
2025-10-10,987013.63,10,4,2025,4,0,0,0,0,Fri,Oct
2025-10-11,1114491.67,10,4,2025,5,1,0,0,0,Sat,Oct
2025-10-12,1166760.12,10,4,2025,6,1,0,0,0,Sun,Oct
2025-10-13,725391.86,10,4,2025,0,0,0,0,0,Mon,Oct
2025-10-14,737520.03,10,4,2025,1,0,0,0,0,Tue,Oct
2025-10-15,724560.71,10,4,2025,2,0,0,0,0,Wed,Oct
2025-10-16,734234.88,10,4,2025,3,0,0,0,0,Thu,Oct
2025-10-17,981147.07,10,4,2025,4,0,0,0,0,Fri,Oct
2025-10-18,1143908.58,10,4,2025,5,1,0,0,0,Sat,Oct
2025-10-19,1131275.16,10,4,2025,6,1,0,0,0,Sun,Oct
2025-10-20,749642.95,10,4,2025,0,0,0,0,0,Mon,Oct
2025-10-21,760809.14,10,4,2025,1,0,0,0,0,Tue,Oct
2025-10-22,757254.27,10,4,2025,2,0,0,0,0,Wed,Oct
2025-10-23,737713.68,10,4,2025,3,0,0,0,0,Thu,Oct
2025-10-24,989217.77,10,4,2025,4,0,0,0,0,Fri,Oct
2025-10-25,1156115.68,10,4,2025,5,1,0,0,0,Sat,Oct
2025-10-26,1157460.04,10,4,2025,6,1,0,0,0,Sun,Oct
2025-10-27,742931.89,10,4,2025,0,0,0,0,0,Mon,Oct
2025-10-28,739498.18,10,4,2025,1,0,0,0,0,Tue,Oct
2025-10-29,750531.81,10,4,2025,2,0,0,0,0,Wed,Oct
2025-10-30,752841.06,10,4,2025,3,0,0,0,0,Thu,Oct
2025-10-31,983099.54,10,4,2025,4,0,0,0,0,Fri,Oct
2025-11-01,1653155.56,11,4,2025,5,1,0,1,0,Sat,Nov
2025-11-02,1621485.41,11,4,2025,6,1,0,1,0,Sun,Nov
2025-11-03,1048931.0,11,4,2025,0,0,0,1,0,Mon,Nov
2025-11-04,1024949.35,11,4,2025,1,0,0,1,0,Tue,Nov
2025-11-05,1036433.86,11,4,2025,2,0,0,1,0,Wed,Nov
2025-11-06,1054869.63,11,4,2025,3,0,0,1,0,Thu,Nov
2025-11-07,1390904.06,11,4,2025,4,0,0,1,0,Fri,Nov
2025-11-08,1609791.75,11,4,2025,5,1,0,1,0,Sat,Nov
2025-11-09,1602398.58,11,4,2025,6,1,0,1,0,Sun,Nov
2025-11-10,1036302.51,11,4,2025,0,0,0,1,0,Mon,Nov
2025-11-11,1054279.68,11,4,2025,1,0,0,1,0,Tue,Nov
2025-11-12,1058104.16,11,4,2025,2,0,0,1,0,Wed,Nov
2025-11-13,1055385.55,11,4,2025,3,0,0,1,0,Thu,Nov
2025-11-14,1415260.96,11,4,2025,4,0,0,1,0,Fri,Nov
2025-11-15,1626394.25,11,4,2025,5,1,0,1,0,Sat,Nov
2025-11-16,1646860.95,11,4,2025,6,1,0,1,0,Sun,Nov
2025-11-17,1077147.41,11,4,2025,0,0,0,1,0,Mon,Nov
2025-11-18,1050407.14,11,4,2025,1,0,0,1,0,Tue,Nov
2025-11-19,1040059.91,11,4,2025,2,0,0,1,0,Wed,Nov
2025-11-20,1011958.36,11,4,2025,3,0,0,1,0,Thu,Nov
2025-11-21,1407184.11,11,4,2025,4,0,0,1,0,Fri,Nov
2025-11-22,1611502.01,11,4,2025,5,1,0,1,0,Sat,Nov
2025-11-23,1641752.29,11,4,2025,6,1,0,1,0,Sun,Nov
2025-11-24,1042996.25,11,4,2025,0,0,0,1,0,Mon,Nov
2025-11-25,1030644.49,11,4,2025,1,0,0,1,0,Tue,Nov
2025-11-26,1040468.85,11,4,2025,2,0,0,1,0,Wed,Nov
2025-11-27,1048644.09,11,4,2025,3,0,0,1,0,Thu,Nov
2025-11-28,4159062.43,11,4,2025,4,0,1,1,0,Fri,Nov
2025-11-29,4870564.86,11,4,2025,5,1,1,1,0,Sat,Nov
2025-11-30,5040066.38,11,4,2025,6,1,1,1,0,Sun,Nov
2025-12-01,5563704.35,12,4,2025,0,0,1,1,1,Mon,Dec
2025-12-02,1804434.46,12,4,2025,1,0,1,1,1,Tue,Dec
2025-12-03,1102902.85,12,4,2025,2,0,0,1,1,Wed,Dec
2025-12-04,1132530.45,12,4,2025,3,0,0,1,1,Thu,Dec
2025-12-05,1478217.11,12,4,2025,4,0,0,1,1,Fri,Dec
2025-12-06,1707743.72,12,4,2025,5,1,0,1,1,Sat,Dec
2025-12-07,1707599.78,12,4,2025,6,1,0,1,1,Sun,Dec
2025-12-08,1097564.11,12,4,2025,0,0,0,1,1,Mon,Dec
2025-12-09,1113238.51,12,4,2025,1,0,0,1,1,Tue,Dec
2025-12-10,2525054.73,12,4,2025,2,0,1,1,1,Wed,Dec
2025-12-11,2587713.8,12,4,2025,3,0,1,1,1,Thu,Dec
2025-12-12,3296445.01,12,4,2025,4,0,1,1,1,Fri,Dec
2025-12-13,3869777.07,12,4,2025,5,1,1,1,1,Sat,Dec
2025-12-14,3872417.78,12,4,2025,6,1,1,1,1,Sun,Dec
2025-12-15,2521530.33,12,4,2025,0,0,1,1,1,Mon,Dec
2025-12-16,2548316.53,12,4,2025,1,0,1,1,1,Tue,Dec
2025-12-17,2610131.12,12,4,2025,2,0,1,1,1,Wed,Dec
2025-12-18,2528620.47,12,4,2025,3,0,1,1,1,Thu,Dec
2025-12-19,3416841.04,12,4,2025,4,0,1,1,1,Fri,Dec
2025-12-20,3821742.79,12,4,2025,5,1,1,1,1,Sat,Dec
2025-12-21,3943078.44,12,4,2025,6,1,1,1,1,Sun,Dec
2025-12-22,2570679.01,12,4,2025,0,0,1,1,1,Mon,Dec
2025-12-23,2534521.77,12,4,2025,1,0,1,1,1,Tue,Dec
2025-12-24,2527029.89,12,4,2025,2,0,1,1,1,Wed,Dec
2025-12-25,2483331.4,12,4,2025,3,0,1,1,1,Thu,Dec
2025-12-26,1482048.71,12,4,2025,4,0,0,1,1,Fri,Dec
2025-12-27,1715149.08,12,4,2025,5,1,0,1,1,Sat,Dec
2025-12-28,1730843.16,12,4,2025,6,1,0,1,1,Sun,Dec
2025-12-29,1121558.54,12,4,2025,0,0,0,1,1,Mon,Dec
2025-12-30,1101691.03,12,4,2025,1,0,0,1,1,Tue,Dec
2025-12-31,1098036.51,12,4,2025,2,0,0,1,1,Wed,Dec
