sale_date,total_units_sold,total_revenue,total_cost,total_gross_profit,total_marketing_spend,active_skus,active_stores,day_of_week,month,year,quarter,is_weekend
2023-01-01,16787,1133417.94,562115.34,571302.6,802.5,100,5,6,1,2023,1,1
2023-01-02,10585,698894.69,346379.75,352514.94,802.5,100,5,0,1,2023,1,0
2023-01-03,10541,713164.86,352526.01,360638.85,802.5,100,5,1,1,2023,1,0
2023-01-04,10713,700771.7,347051.76,353719.94,802.5,100,5,2,1,2023,1,0
2023-01-05,10582,720935.33,357094.81,363840.52,802.5,100,5,3,1,2023,1,0
2023-01-06,13875,941099.22,465729.87,475369.35,802.5,100,5,4,1,2023,1,0
2023-01-07,16157,1083316.15,537170.72,546145.43,802.5,100,5,5,1,2023,1,1
2023-01-08,16544,1100131.59,545112.0,555019.59,802.5,100,5,6,1,2023,1,1
2023-01-09,10710,711756.15,352083.92,359672.23,802.5,100,5,0,1,2023,1,0
2023-01-10,10612,703350.47,348649.05,354701.42,802.5,100,5,1,1,2023,1,0
2023-01-11,10490,711812.89,353327.0,358485.89,802.5,100,5,2,1,2023,1,0
2023-01-12,10375,703804.62,349385.52999999997,354419.09,802.5,100,5,3,1,2023,1,0
2023-01-13,14469,951520.2,470552.35,480967.85,802.5,100,5,4,1,2023,1,0
2023-01-14,16719,1102734.76,545614.5,557120.26,802.5,100,5,5,1,2023,1,1
2023-01-15,16541,1104377.4,547402.4,556975.0,802.5,100,5,6,1,2023,1,1
2023-01-16,9756,629898.73,312254.81,317643.92,0.0,100,5,0,1,2023,1,0
2023-01-17,9882,647896.38,320457.69,327438.69,0.0,100,5,1,1,2023,1,0
2023-01-18,9834,644189.66,317810.76,326378.9,0.0,100,5,2,1,2023,1,0
2023-01-19,9943,663343.75,328054.07,335289.68,0.0,100,5,3,1,2023,1,0
2023-01-20,13467,867312.6,428593.63,438718.97,0.0,100,5,4,1,2023,1,0
2023-01-21,15287,976054.32,483319.15,492735.17,0.0,100,5,5,1,2023,1,1
2023-01-22,15620,1008928.76,498851.2,510077.56,0.0,100,5,6,1,2023,1,1
2023-01-23,9948,645105.0,319333.3,325771.7,0.0,100,5,0,1,2023,1,0
2023-01-24,10238,654856.93,324482.82,330374.11,0.0,100,5,1,1,2023,1,0
2023-01-25,9919,647477.72,320372.11,327105.61,0.0,100,5,2,1,2023,1,0
2023-01-26,9990,646707.34,319595.4,327111.94,0.0,100,5,3,1,2023,1,0
2023-01-27,13453,849624.92,419595.74,430029.18,0.0,100,5,4,1,2023,1,0
2023-01-28,15507,1002923.42,495400.54,507522.88,0.0,100,5,5,1,2023,1,1
2023-01-29,15001,1005928.14,497177.07,508751.07,0.0,100,5,6,1,2023,1,1
2023-01-30,9654,622316.66,307365.98,314950.68,0.0,100,5,0,1,2023,1,0
2023-01-31,9900,638586.83,315488.51,323098.32,0.0,100,5,1,1,2023,1,0
2023-02-01,9702,643255.67,317868.26,325387.41,0.0,100,5,2,2,2023,1,0
2023-02-02,9927,659254.81,325947.8,333307.01,0.0,100,5,3,2,2023,1,0
2023-02-03,13150,860411.78,425847.14,434564.64,0.0,100,5,4,2,2023,1,0
2023-02-04,15396,983917.23,485936.06,497981.17,0.0,100,5,5,2,2023,1,1
2023-02-05,15538,1013528.28,501374.72,512153.56,0.0,100,5,6,2,2023,1,1
2023-02-06,10007,645497.24,319222.16,326275.08,0.0,100,5,0,2,2023,1,0
2023-02-07,9733,635579.56,314273.69,321305.87,0.0,100,5,1,2,2023,1,0
2023-02-08,9735,645178.03,319151.86,326026.17,0.0,100,5,2,2,2023,1,0
2023-02-09,10061,640096.73,315919.18,324177.55,0.0,100,5,3,2,2023,1,0
2023-02-10,12963,856165.01,423233.86,432931.15,0.0,100,5,4,2,2023,1,0
2023-02-11,15538,990529.5599999999,489576.45,500953.11,0.0,100,5,5,2,2023,1,1
2023-02-12,15480,995158.08,491165.67,503992.41,0.0,100,5,6,2,2023,1,1
2023-02-13,9890,640658.71,317300.48,323358.23,0.0,100,5,0,2,2023,1,0
2023-02-14,10029,645632.98,318860.38,326772.6,0.0,100,5,1,2,2023,1,0
2023-02-15,9719,623617.34,308227.2,315390.14,0.0,100,5,2,2,2023,1,0
2023-02-16,9811,649601.15,321229.25,328371.9,0.0,100,5,3,2,2023,1,0
2023-02-17,12982,840792.01,416375.47000000003,424416.54,0.0,100,5,4,2,2023,1,0
2023-02-18,15401,1000291.27,494749.85,505541.42,0.0,100,5,5,2,2023,1,1
2023-02-19,15509,1007497.74,498248.94,509248.8,0.0,100,5,6,2,2023,1,1
2023-02-20,9785,645693.66,319360.58,326333.08,0.0,100,5,0,2,2023,1,0
2023-02-21,9618,644198.65,319527.46,324671.19,0.0,100,5,1,2,2023,1,0
2023-02-22,9828,640273.43,316590.46,323682.97,0.0,100,5,2,2,2023,1,0
2023-02-23,10016,638737.65,316169.8,322567.85,0.0,100,5,3,2,2023,1,0
2023-02-24,13025,842806.84,416075.69,426731.15,0.0,100,5,4,2,2023,1,0
2023-02-25,15576,1028542.18,508653.47000000003,519888.71,0.0,100,5,5,2,2023,1,1
2023-02-26,15508,1007736.7,498189.71,509546.99,0.0,100,5,6,2,2023,1,1
2023-02-27,9724,637517.61,316181.38,321336.23,0.0,100,5,0,2,2023,1,0
2023-02-28,9944,633863.11,313982.96,319880.15,0.0,100,5,1,2,2023,1,0
2023-03-01,10768,749248.92,371614.4,377634.52,0.0,100,5,2,3,2023,1,0
2023-03-02,10433,729033.82,361576.93,367456.89,0.0,100,5,3,3,2023,1,0
2023-03-03,13958,965977.62,479201.68,486775.94,0.0,100,5,4,3,2023,1,0
2023-03-04,16393,1139334.56,563733.52,575601.04,0.0,100,5,5,3,2023,1,1
2023-03-05,16725,1139094.72,564148.53,574946.19,0.0,100,5,6,3,2023,1,1
2023-03-06,10528,721627.62,358043.46,363584.16,0.0,100,5,0,3,2023,1,0
2023-03-07,10637,732990.1900000001,363027.76,369962.43,0.0,100,5,1,3,2023,1,0
2023-03-08,10600,723992.26,358927.71,365064.55,0.0,100,5,2,3,2023,1,0
2023-03-09,10495,721589.5,357760.04,363829.46,0.0,100,5,3,3,2023,1,0
2023-03-10,13932,969452.94,480226.05,489226.89,0.0,100,5,4,3,2023,1,0
2023-03-11,16269,1149758.69,569752.44,580006.25,0.0,100,5,5,3,2023,1,1
2023-03-12,16136,1122606.32,557122.1,565484.22,0.0,100,5,6,3,2023,1,1
2023-03-13,10369,723208.52,357859.55,365348.97,0.0,100,5,0,3,2023,1,0
2023-03-14,10522,720982.94,357417.07,363565.87,0.0,100,5,1,3,2023,1,0
2023-03-15,10696,732041.65,363151.0,368890.65,0.0,100,5,2,3,2023,1,0
2023-03-16,10515,728053.8,360928.61,367125.19,0.0,100,5,3,3,2023,1,0
2023-03-17,13678,959361.79,475260.32,484101.47,0.0,100,5,4,3,2023,1,0
2023-03-18,16546,1124334.48,556367.86,567966.62,0.0,100,5,5,3,2023,1,1
2023-03-19,16500,1160414.56,574105.32,586309.24,0.0,100,5,6,3,2023,1,1
2023-03-20,10670,737646.56,365987.8,371658.76,0.0,100,5,0,3,2023,1,0
2023-03-21,10516,702681.7,348233.37,354448.33,0.0,100,5,1,3,2023,1,0
2023-03-22,16157,982348.36,487012.63,495335.73,661.5,100,5,2,3,2023,1,0
2023-03-23,16059,987207.05,489985.63,497221.42,661.5,100,5,3,3,2023,1,0
2023-03-24,21829,1272394.81,631376.69,641018.12,661.5,100,5,4,3,2023,1,0
2023-03-25,24957,1526497.32,758859.92,767637.4,661.5,100,5,5,3,2023,1,1
2023-03-26,24909,1514232.39,752180.12,762052.27,661.5,100,5,6,3,2023,1,1
2023-03-27,16263,976074.28,484880.58,491193.7,661.5,100,5,0,3,2023,1,0
2023-03-28,15710,984770.61,488394.81,496375.8,661.5,100,5,1,3,2023,1,0
2023-03-29,16482,988814.3099999999,490024.49,498789.82,661.5,100,5,2,3,2023,1,0
2023-03-30,15988,957492.96,474927.23,482565.73,661.5,100,5,3,3,2023,1,0
2023-03-31,21648,1303855.54,646737.12,657118.42,661.5,100,5,4,3,2023,1,0
2023-04-01,25371,1536689.13,762585.6,774103.53,661.5,100,5,5,4,2023,2,1
2023-04-02,24469,1542578.52,765886.43,776692.09,661.5,100,5,6,4,2023,2,1
2023-04-03,16267,987921.98,489855.87,498066.11,661.5,100,5,0,4,2023,2,0
2023-04-04,16307,976500.07,484204.02999999997,492296.04,661.5,100,5,1,4,2023,2,0
2023-04-05,15742,961009.71,477071.35,483938.36,661.5,100,5,2,4,2023,2,0
2023-04-06,15975,981392.72,486840.73,494551.99,661.5,100,5,3,4,2023,2,0
2023-04-07,20822,1304471.19,645398.63,659072.56,661.5,100,5,4,4,2023,2,0
2023-04-08,24960,1520687.97,756360.71,764327.26,661.5,100,5,5,4,2023,2,1
2023-04-09,25458,1563143.3,774771.03,788372.27,661.5,100,5,6,4,2023,2,1
2023-04-10,16167,986921.97,489547.93,497374.04,661.5,100,5,0,4,2023,2,0
2023-04-11,15805,977362.66,484968.31,492394.35,661.5,100,5,1,4,2023,2,0
2023-04-12,16542,1002191.18,497206.3,504984.88,661.5,100,5,2,4,2023,2,0
2023-04-13,16147,980771.02,486693.05,494077.97,661.5,100,5,3,4,2023,2,0
2023-04-14,21465,1280773.47,635266.87,645506.6,661.5,100,5,4,4,2023,2,0
2023-04-15,25166,1514365.15,750578.05,763787.1,661.5,100,5,5,4,2023,2,1
2023-04-16,24408,1507560.24,748443.04,759117.2,661.5,100,5,6,4,2023,2,1
2023-04-17,15512,966467.16,479504.96,486962.2,661.5,100,5,0,4,2023,2,0
2023-04-18,16177,988586.77,490119.94,498466.83,661.5,100,5,1,4,2023,2,0
2023-04-19,16075,995855.63,494355.68,501499.95,661.5,100,5,2,4,2023,2,0
2023-04-20,16301,975407.99,483689.97,491718.02,661.5,100,5,3,4,2023,2,0
2023-04-21,40056,2278702.11,1122990.96,1155711.15,4189.5,100,5,4,4,2023,2,0
2023-04-22,29583,1995480.9,981742.37,1013738.53,4000.5,100,5,5,4,2023,2,1
2023-04-23,29665,2000632.36,988457.35,1012175.01,4000.5,100,5,6,4,2023,2,1
2023-04-24,18974,1272410.7,628156.91,644253.79,4000.5,100,5,0,4,2023,2,0
2023-04-25,19571,1278246.59,632301.3,645945.29,4000.5,100,5,1,4,2023,2,0
2023-04-26,19624,1268414.94,624816.49,643598.45,4000.5,100,5,2,4,2023,2,0
2023-04-27,19683,1296943.31,640290.91,656652.4,4000.5,100,5,3,4,2023,2,0
2023-04-28,25532,1687610.2,833254.11,854356.09,4000.5,100,5,4,4,2023,2,0
2023-04-29,16533,1148652.26,568137.1900000001,580515.07,0.0,100,5,5,4,2023,2,1
2023-04-30,16669,1165614.28,576923.65,588690.63,0.0,100,5,6,4,2023,2,1
2023-05-01,9988,682655.16,337225.88,345429.28,0.0,100,5,0,5,2023,2,0
2023-05-02,9778,678805.57,335798.73,343006.84,0.0,100,5,1,5,2023,2,0
2023-05-03,9817,686899.56,339526.28,347373.27999999997,0.0,100,5,2,5,2023,2,0
2023-05-04,10264,715091.13,352975.2,362115.93,0.0,100,5,3,5,2023,2,0
2023-05-05,13338,923474.12,455781.37,467692.75,0.0,100,5,4,5,2023,2,0
2023-05-06,16029,1100303.07,543168.04,557135.03,0.0,100,5,5,5,2023,2,1
2023-05-07,15512,1087346.0,536786.33,550559.67,0.0,100,5,6,5,2023,2,1
2023-05-08,9957,692126.5,342305.39,349821.11,0.0,100,5,0,5,2023,2,0
2023-05-09,10195,705279.47,348126.08999999997,357153.38,0.0,100,5,1,5,2023,2,0
2023-05-10,9979,679310.42,335075.89,344234.52999999997,0.0,100,5,2,5,2023,2,0
2023-05-11,10101,684420.44,337603.28,346817.16,0.0,100,5,3,5,2023,2,0
2023-05-12,13081,902144.2,445323.44,456820.76,0.0,100,5,4,5,2023,2,0
2023-05-13,15516,1079867.69,532729.0,547138.69,0.0,100,5,5,5,2023,2,1
2023-05-14,15526,1052876.12,521184.86,531691.26,0.0,100,5,6,5,2023,2,1
2023-05-15,9898,679829.11,336255.21,343573.9,0.0,100,5,0,5,2023,2,0
2023-05-16,10007,693577.5599999999,342414.99,351162.57,0.0,100,5,1,5,2023,2,0
2023-05-17,9804,685874.63,339352.13,346522.5,0.0,100,5,2,5,2023,2,0
2023-05-18,10008,699986.99,345835.74,354151.25,0.0,100,5,3,5,2023,2,0
2023-05-19,13051,922204.62,455425.97,466778.65,0.0,100,5,4,5,2023,2,0
2023-05-20,15683,1096494.7,540967.23,555527.47,0.0,100,5,5,5,2023,2,1
2023-05-21,15158,1066637.49,527262.94,539374.55,0.0,100,5,6,5,2023,2,1
2023-05-22,10035,697476.89,344612.57,352864.32,0.0,100,5,0,5,2023,2,0
2023-05-23,9967,707124.05,349015.63,358108.42,0.0,100,5,1,5,2023,2,0
2023-05-24,9998,700284.02,345987.57,354296.45,0.0,100,5,2,5,2023,2,0
2023-05-25,10057,689011.07,340325.9,348685.17,0.0,100,5,3,5,2023,2,0
2023-05-26,13373,930640.56,459591.12,471049.44,0.0,100,5,4,5,2023,2,0
2023-05-27,15568,1063563.52,524100.74,539462.78,0.0,100,5,5,5,2023,2,1
2023-05-28,15561,1085969.0,536755.91,549213.09,0.0,100,5,6,5,2023,2,1
2023-05-29,9917,695281.52,343296.14,351985.38,0.0,100,5,0,5,2023,2,0
2023-05-30,9948,686400.99,339100.49,347300.5,0.0,100,5,1,5,2023,2,0
2023-05-31,9933,697941.54,344841.43,353100.11,0.0,100,5,2,5,2023,2,0
2023-06-01,9996,677487.92,335006.81,342481.11,0.0,100,5,3,6,2023,2,0
2023-06-02,13207,923014.7,455243.0,467771.7,0.0,100,5,4,6,2023,2,0
2023-06-03,15424,1082724.98,535691.74,547033.24,0.0,100,5,5,6,2023,2,1
2023-06-04,15629,1077452.43,531879.84,545572.59,0.0,100,5,6,6,2023,2,1
2023-06-05,10065,673387.37,332531.69,340855.68,0.0,100,5,0,6,2023,2,0
2023-06-06,9919,668392.14,330076.05,338316.09,0.0,100,5,1,6,2023,2,0
2023-06-07,10076,684623.24,338572.46,346050.77999999997,0.0,100,5,2,6,2023,2,0
2023-06-08,10027,705192.08,348240.64,356951.44,0.0,100,5,3,6,2023,2,0
2023-06-09,13183,949862.12,467696.02,482166.1,0.0,100,5,4,6,2023,2,0
2023-06-10,15554,1098107.88,541407.03,556700.85,0.0,100,5,5,6,2023,2,1
2023-06-11,15549,1082047.83,534421.42,547626.41,0.0,100,5,6,6,2023,2,1
2023-06-12,9678,682957.44,337309.45,345647.99,0.0,100,5,0,6,2023,2,0
2023-06-13,9847,689670.1,340704.65,348965.45,0.0,100,5,1,6,2023,2,0
2023-06-14,10003,685308.5,338983.23,346325.27,0.0,100,5,2,6,2023,2,0
2023-06-15,11455,838626.9400000001,415746.21,422880.73,542.5,100,5,3,6,2023,2,0
2023-06-16,15540,1117774.89,553287.59,564487.3,542.5,100,5,4,6,2023,2,0
2023-06-17,17815,1281379.94,634001.41,647378.53,542.5,100,5,5,6,2023,2,1
2023-06-18,17982,1312926.68,650445.84,662480.84,542.5,100,5,6,6,2023,2,1
2023-06-19,11491,821426.88,407357.5,414069.38,542.5,100,5,0,6,2023,2,0
2023-06-20,11250,830340.89,410474.33,419866.56,542.5,100,5,1,6,2023,2,0
2023-06-21,11546,842143.17,416370.25,425772.92,542.5,100,5,2,6,2023,2,0
2023-06-22,11549,824013.59,408252.17,415761.42,542.5,100,5,3,6,2023,2,0
2023-06-23,15146,1059660.15,525426.83,534233.32,542.5,100,5,4,6,2023,2,0
2023-06-24,17590,1292333.43,640250.23,652083.2,542.5,100,5,5,6,2023,2,1
2023-06-25,17569,1267277.96,627723.37,639554.59,542.5,100,5,6,6,2023,2,1
2023-06-26,11155,821280.39,406724.51,414555.88,542.5,100,5,0,6,2023,2,0
2023-06-27,11539,816354.83,403957.38,412397.45,542.5,100,5,1,6,2023,2,0
2023-06-28,11516,823003.63,407951.18,415052.45,542.5,100,5,2,6,2023,2,0
2023-06-29,11469,845774.49,418692.64,427081.85,542.5,100,5,3,6,2023,2,0
2023-06-30,15253,1112831.77,550597.47,562234.3,542.5,100,5,4,6,2023,2,0
2023-07-01,17086,1217897.71,602272.09,615625.62,542.5,100,5,5,7,2023,3,1
2023-07-02,16961,1206820.92,597734.31,609086.61,542.5,100,5,6,7,2023,3,1
2023-07-03,11116,787706.79,389456.24,398250.55,542.5,100,5,0,7,2023,3,0
2023-07-04,11000,785997.36,388453.15,397544.21,542.5,100,5,1,7,2023,3,0
2023-07-05,10907,766365.49,379330.13,387035.36,542.5,100,5,2,7,2023,3,0
2023-07-06,10842,766359.01,379678.87,386680.14,542.5,100,5,3,7,2023,3,0
2023-07-07,14714,1063262.32,525497.73,537764.59,542.5,100,5,4,7,2023,3,0
2023-07-08,16803,1224234.09,605126.64,619107.45,542.5,100,5,5,7,2023,3,1
2023-07-09,17154,1213132.2,600321.13,612811.07,542.5,100,5,6,7,2023,3,1
2023-07-10,11070,782157.08,387045.07,395112.01,542.5,100,5,0,7,2023,3,0
2023-07-11,11041,787323.42,388524.31,398799.11,542.5,100,5,1,7,2023,3,0
2023-07-12,10870,778862.12,385356.45,393505.67,542.5,100,5,2,7,2023,3,0
2023-07-13,10479,776075.41,384336.82,391738.59,542.5,100,5,3,7,2023,3,0
2023-07-14,14488,1036389.27,513458.04,522931.23,542.5,100,5,4,7,2023,3,0
2023-07-15,17249,1222376.41,605016.66,617359.75,542.5,100,5,5,7,2023,3,1
2023-07-16,14693,1024173.91,504278.37,519895.54,0.0,100,5,6,7,2023,3,1
2023-07-17,9390,662465.45,327226.0,335239.45,0.0,100,5,0,7,2023,3,0
2023-07-18,9758,645399.66,317946.46,327453.2,0.0,100,5,1,7,2023,3,0
2023-07-19,9537,644261.55,317846.66,326414.89,0.0,100,5,2,7,2023,3,0
2023-07-20,9601,669410.0,329922.67,339487.33,0.0,100,5,3,7,2023,3,0
2023-07-21,12585,872364.28,430643.16,441721.12,0.0,100,5,4,7,2023,3,0
2023-07-22,14846,1008762.13,496390.13,512372.0,0.0,100,5,5,7,2023,3,1
2023-07-23,14822,1025863.89,506877.65,518986.24,0.0,100,5,6,7,2023,3,1
2023-07-24,9463,675617.71,333426.66,342191.05,0.0,100,5,0,7,2023,3,0
2023-07-25,9479,649975.46,320044.65,329930.81,0.0,100,5,1,7,2023,3,0
2023-07-26,9617,669833.82,330158.49,339675.33,0.0,100,5,2,7,2023,3,0
2023-07-27,9504,658377.73,325453.26,332924.47,0.0,100,5,3,7,2023,3,0
2023-07-28,12997,893056.37,439866.35,453190.02,0.0,100,5,4,7,2023,3,0
2023-07-29,14974,1035228.5,510492.11,524736.39,0.0,100,5,5,7,2023,3,1
2023-07-30,14760,1028964.14,507562.4,521401.74,0.0,100,5,6,7,2023,3,1
2023-07-31,9559,650049.12,321271.91,328777.21,0.0,100,5,0,7,2023,3,0
2023-08-01,9413,647254.87,319237.18,328017.69,0.0,100,5,1,8,2023,3,0
2023-08-02,9449,669339.13,330310.57,339028.56,0.0,100,5,2,8,2023,3,0
2023-08-03,9461,649395.15,320852.15,328543.0,0.0,100,5,3,8,2023,3,0
2023-08-04,12813,879314.77,433810.96,445503.81,0.0,100,5,4,8,2023,3,0
2023-08-05,14872,1023882.13,504155.37,519726.76,0.0,100,5,5,8,2023,3,1
2023-08-06,14724,1002685.32,494237.1,508448.22,0.0,100,5,6,8,2023,3,1
2023-08-07,9688,654138.62,323734.32,330404.3,0.0,100,5,0,8,2023,3,0
2023-08-08,9486,665202.42,327900.03,337302.39,0.0,100,5,1,8,2023,3,0
2023-08-09,9580,658518.25,324840.52,333677.73,0.0,100,5,2,8,2023,3,0
2023-08-10,9814,665642.34,327965.02,337677.32,0.0,100,5,3,8,2023,3,0
2023-08-11,13063,902134.91,444719.16,457415.75,0.0,100,5,4,8,2023,3,0
2023-08-12,14724,994666.02,491773.12,502892.9,0.0,100,5,5,8,2023,3,1
2023-08-13,14827,1035077.82,511190.68,523887.14,0.0,100,5,6,8,2023,3,1
2023-08-14,9550,652145.19,321387.85,330757.34,0.0,100,5,0,8,2023,3,0
2023-08-15,11249,880276.23,433160.4,447115.83,672.5,100,5,1,8,2023,3,0
2023-08-16,11218,862406.17,424460.27999999997,437945.89,672.5,100,5,2,8,2023,3,0
2023-08-17,11119,878502.2,432969.05,445533.15,672.5,100,5,3,8,2023,3,0
2023-08-18,14763,1190174.64,586358.61,603816.03,672.5,100,5,4,8,2023,3,0
2023-08-19,17453,1348905.04,664574.96,684330.08,672.5,100,5,5,8,2023,3,1
2023-08-20,17166,1395747.26,687591.84,708155.42,672.5,100,5,6,8,2023,3,1
2023-08-21,11302,904645.87,446326.23,458319.64,672.5,100,5,0,8,2023,3,0
2023-08-22,11219,894212.92,441011.98,453200.94,672.5,100,5,1,8,2023,3,0
2023-08-23,11294,907580.79,447724.75,459856.04,672.5,100,5,2,8,2023,3,0
2023-08-24,11151,875542.94,431313.99,444228.95,672.5,100,5,3,8,2023,3,0
2023-08-25,15020,1184862.49,585111.09,599751.4,672.5,100,5,4,8,2023,3,0
2023-08-26,17473,1381271.27,680235.09,701036.18,672.5,100,5,5,8,2023,3,1
2023-08-27,17224,1352038.41,666779.83,685258.58,672.5,100,5,6,8,2023,3,1
2023-08-28,11112,881580.61,433813.89,447766.72,672.5,100,5,0,8,2023,3,0
2023-08-29,11493,914540.44,450116.07,464424.37,672.5,100,5,1,8,2023,3,0
2023-08-30,11018,879160.6,433167.87,445992.73,672.5,100,5,2,8,2023,3,0
2023-08-31,11281,882417.57,434839.28,447578.29,672.5,100,5,3,8,2023,3,0
2023-09-01,15592,1231620.99,608263.24,623357.75,672.5,100,5,4,9,2023,3,0
2023-09-02,18448,1429360.49,706115.09,723245.4,672.5,100,5,5,9,2023,3,1
2023-09-03,18351,1460734.67,721152.5599999999,739582.11,672.5,100,5,6,9,2023,3,1
2023-09-04,11579,933421.7,460445.67,472976.02999999997,672.5,100,5,0,9,2023,3,0
2023-09-05,11758,951895.19,469011.63,482883.56,672.5,100,5,1,9,2023,3,0
2023-09-06,11677,944427.2,465361.59,479065.61,672.5,100,5,2,9,2023,3,0
2023-09-07,11769,921176.95,454237.43,466939.52,672.5,100,5,3,9,2023,3,0
2023-09-08,15764,1263959.88,622112.86,641847.02,672.5,100,5,4,9,2023,3,0
2023-09-09,18197,1421420.84,701147.17,720273.67,672.5,100,5,5,9,2023,3,1
2023-09-10,18603,1464908.6,722956.0,741952.6,672.5,100,5,6,9,2023,3,1
2023-09-11,9902,687873.22,340365.61,347507.61,0.0,100,5,0,9,2023,3,0
2023-09-12,10040,699466.5,344709.33,354757.17,0.0,100,5,1,9,2023,3,0
2023-09-13,9894,693434.19,342473.2,350960.99,0.0,100,5,2,9,2023,3,0
2023-09-14,9760,682879.92,336983.77,345896.15,0.0,100,5,3,9,2023,3,0
2023-09-15,12970,914042.36,451914.02,462128.34,0.0,100,5,4,9,2023,3,0
2023-09-16,15645,1074934.95,531773.54,543161.41,0.0,100,5,5,9,2023,3,1
2023-09-17,15806,1066038.09,526589.19,539448.9,0.0,100,5,6,9,2023,3,1
2023-09-18,10126,694234.49,342916.47,351318.02,0.0,100,5,0,9,2023,3,0
2023-09-19,9893,687131.53,339000.86,348130.67,0.0,100,5,1,9,2023,3,0
2023-09-20,9955,690710.65,340980.81,349729.84,0.0,100,5,2,9,2023,3,0
2023-09-21,9796,697639.2,343665.23,353973.97,0.0,100,5,3,9,2023,3,0
2023-09-22,13504,925509.2,456749.72,468759.48,0.0,100,5,4,9,2023,3,0
2023-09-23,15530,1089259.88,538313.3,550946.58,0.0,100,5,5,9,2023,3,1
2023-09-24,15321,1049474.61,518590.47,530884.14,0.0,100,5,6,9,2023,3,1
2023-09-25,10072,687412.42,339510.15,347902.27,0.0,100,5,0,9,2023,3,0
2023-09-26,10149,696617.7,343765.88,352851.82,0.0,100,5,1,9,2023,3,0
2023-09-27,10033,687272.78,339551.62,347721.16,0.0,100,5,2,9,2023,3,0
2023-09-28,10262,694334.66,343358.17,350976.49,0.0,100,5,3,9,2023,3,0
2023-09-29,13053,917105.69,452684.29,464421.4,0.0,100,5,4,9,2023,3,0
2023-09-30,15415,1071917.15,529313.67,542603.48,0.0,100,5,5,9,2023,3,1
2023-10-01,16390,1146266.8,568132.74,578134.0599999999,0.0,100,5,6,10,2023,4,1
2023-10-02,11110,756689.57,375570.58,381118.99,0.0,100,5,0,10,2023,4,0
2023-10-03,10619,735336.67,364632.77,370703.9,0.0,100,5,1,10,2023,4,0
2023-10-04,10869,758512.44,376952.64,381559.8,0.0,100,5,2,10,2023,4,0
2023-10-05,10858,745679.97,369472.05,376207.92,0.0,100,5,3,10,2023,4,0
2023-10-06,14405,996241.71,494092.79,502148.92,0.0,100,5,4,10,2023,4,0
2023-10-07,16282,1128976.26,559792.39,569183.87,0.0,100,5,5,10,2023,4,1
2023-10-08,16424,1168184.49,579497.04,588687.45,0.0,100,5,6,10,2023,4,1
2023-10-09,10538,741815.08,367745.71,374069.37,0.0,100,5,0,10,2023,4,0
2023-10-10,10661,732837.19,363770.38,369066.81,0.0,100,5,1,10,2023,4,0
2023-10-11,10796,728482.01,361804.91,366677.1,0.0,100,5,2,10,2023,4,0
2023-10-12,10487,726558.63,360520.83,366037.8,0.0,100,5,3,10,2023,4,0
2023-10-13,14337,991941.88,492574.29,499367.59,0.0,100,5,4,10,2023,4,0
2023-10-14,16560,1136126.22,563520.39,572605.83,0.0,100,5,5,10,2023,4,1
2023-10-15,17200,1174157.59,582206.55,591951.04,0.0,100,5,6,10,2023,4,1
2023-10-16,10712,745990.51,369795.85,376194.66,0.0,100,5,0,10,2023,4,0
2023-10-17,10731,752182.98,373266.67,378916.31,0.0,100,5,1,10,2023,4,0
2023-10-18,10907,744990.22,369538.58,375451.64,0.0,100,5,2,10,2023,4,0
2023-10-19,10725,744443.34,369503.18,374940.16,0.0,100,5,3,10,2023,4,0
2023-10-20,14488,1001505.54,496313.64,505191.9,0.0,100,5,4,10,2023,4,0
2023-10-21,17067,1156268.23,573013.61,583254.62,0.0,100,5,5,10,2023,4,1
2023-10-22,16989,1156807.56,573678.84,583128.72,0.0,100,5,6,10,2023,4,1
2023-10-23,10837,738261.55,365755.43,372506.12,0.0,100,5,0,10,2023,4,0
2023-10-24,10829,759185.6900000001,376279.26,382906.43,0.0,100,5,1,10,2023,4,0
2023-10-25,10615,739187.41,367023.36,372164.05,0.0,100,5,2,10,2023,4,0
2023-10-26,10680,736094.8099999999,366214.41,369880.4,0.0,100,5,3,10,2023,4,0
2023-10-27,14484,972838.23,482602.05,490236.18,0.0,100,5,4,10,2023,4,0
2023-10-28,16555,1155247.11,572634.89,582612.22,0.0,100,5,5,10,2023,4,1
2023-10-29,16844,1173599.23,582612.7,590986.53,0.0,100,5,6,10,2023,4,1
2023-10-30,11109,761553.01,377997.66,383555.35,0.0,100,5,0,10,2023,4,0
2023-10-31,10683,742987.23,368493.32,374493.91,0.0,100,5,1,10,2023,4,0
2023-11-01,12209,1013238.11,502796.26,510441.85,0.0,100,5,2,11,2023,4,0
2023-11-02,12791,1044301.92,517386.24,526915.68,0.0,100,5,3,11,2023,4,0
2023-11-03,17196,1375407.7,682983.96,692423.74,0.0,100,5,4,11,2023,4,0
2023-11-04,19674,1635576.9,808703.39,826873.51,0.0,100,5,5,11,2023,4,1
2023-11-05,19837,1601447.81,792450.95,808996.86,0.0,100,5,6,11,2023,4,1
2023-11-06,12701,1041217.74,515649.67,525568.07,0.0,100,5,0,11,2023,4,0
2023-11-07,12392,1016080.43,504622.48,511457.95,0.0,100,5,1,11,2023,4,0
2023-11-08,12764,1047190.91,518995.79,528195.12,0.0,100,5,2,11,2023,4,0
2023-11-09,12646,1072606.64,531347.52,541259.12,0.0,100,5,3,11,2023,4,0
2023-11-10,16897,1391603.5,689182.06,702421.44,0.0,100,5,4,11,2023,4,0
2023-11-11,19513,1627350.04,805260.27,822089.77,0.0,100,5,5,11,2023,4,1
2023-11-12,19461,1637281.7,810262.98,827018.72,0.0,100,5,6,11,2023,4,1
2023-11-13,12602,1025206.97,508049.56,517157.41,0.0,100,5,0,11,2023,4,0
2023-11-14,12624,1036708.84,514551.66000000003,522157.18,0.0,100,5,1,11,2023,4,0
2023-11-15,12441,1024731.34,506906.29,517825.05,0.0,100,5,2,11,2023,4,0
2023-11-16,12847,1052325.68,520426.67,531899.01,0.0,100,5,3,11,2023,4,0
2023-11-17,16713,1384911.7,686550.39,698361.31,0.0,100,5,4,11,2023,4,0
2023-11-18,19857,1626392.57,802950.92,823441.65,0.0,100,5,5,11,2023,4,1
2023-11-19,19861,1653910.61,818909.72,835000.89,0.0,100,5,6,11,2023,4,1
2023-11-20,12889,1046417.54,518456.49,527961.05,0.0,100,5,0,11,2023,4,0
2023-11-21,12684,1049396.64,519727.7,529668.94,0.0,100,5,1,11,2023,4,0
2023-11-22,12720,1056573.44,523730.27999999997,532843.16,0.0,100,5,2,11,2023,4,0
2023-11-23,12369,1032212.74,511247.4,520965.34,0.0,100,5,3,11,2023,4,0
2023-11-24,33830,3845702.54,1902418.79,1943283.75,15554.0,100,5,4,11,2023,4,0
2023-11-25,39659,4457216.55,2204864.74,2252351.81,15554.0,100,5,5,11,2023,4,1
2023-11-26,38626,4326387.63,2142558.86,2183828.77,15554.0,100,5,6,11,2023,4,1
2023-11-27,29105,4636323.71,2273330.58,2362993.13,31110.0,100,5,0,11,2023,4,0
2023-11-28,14121,1658327.0,814310.59,844016.41,20000.0,100,5,1,11,2023,4,0
2023-11-29,12669,1028244.01,510197.09,518046.92,0.0,100,5,2,11,2023,4,0
2023-11-30,12434,1035637.27,513486.35,522150.92,0.0,100,5,3,11,2023,4,0
2023-12-01,18412,1448445.58,720824.39,727621.19,0.0,100,5,4,12,2023,4,0
2023-12-02,21288,1706132.17,849368.27,856763.9,0.0,100,5,5,12,2023,4,1
2023-12-03,21113,1732637.41,862408.3,870229.11,0.0,100,5,6,12,2023,4,1
2023-12-04,13886,1097829.85,545991.78,551838.07,0.0,100,5,0,12,2023,4,0
2023-12-05,13634,1089527.36,541342.39,548184.97,0.0,100,5,1,12,2023,4,0
2023-12-06,13627,1081140.26,538357.31,542782.95,0.0,100,5,2,12,2023,4,0
2023-12-07,13876,1108644.97,551301.03,557343.94,0.0,100,5,3,12,2023,4,0
2023-12-08,18266,1477272.16,733672.76,743599.4,0.0,100,5,4,12,2023,4,0
2023-12-09,20873,1715565.62,852028.97,863536.65,0.0,100,5,5,12,2023,4,1
2023-12-10,36318,3600566.39,1792840.52,1807725.8699999999,2400.0,100,5,6,12,2023,4,1
2023-12-11,23964,2367261.81,1178191.55,1189070.26,2400.0,100,5,0,12,2023,4,0
2023-12-12,22927,2267572.17,1130527.94,1137044.23,2400.0,100,5,1,12,2023,4,0
2023-12-13,23668,2328896.72,1163313.65,1165583.07,2400.0,100,5,2,12,2023,4,0
2023-12-14,23822,2311624.19,1153920.54,1157703.65,2400.0,100,5,3,12,2023,4,0
2023-12-15,31114,3114212.08,1552180.5,1562031.58,2400.0,100,5,4,12,2023,4,0
2023-12-16,36662,3684857.57,1836531.17,1848326.4,2400.0,100,5,5,12,2023,4,1
2023-12-17,36873,3655387.72,1821414.75,1833972.97,2400.0,100,5,6,12,2023,4,1
2023-12-18,23539,2310328.06,1151647.8,1158680.26,2400.0,100,5,0,12,2023,4,0
2023-12-19,23141,2309554.77,1148989.17,1160565.6,2400.0,100,5,1,12,2023,4,0
2023-12-20,23444,2343687.12,1169737.91,1173949.21,2400.0,100,5,2,12,2023,4,0
2023-12-21,23548,2344651.41,1167562.77,1177088.64,2400.0,100,5,3,12,2023,4,0
2023-12-22,30872,3097567.42,1541260.55,1556306.87,2400.0,100,5,4,12,2023,4,0
2023-12-23,36988,3666959.78,1825653.98,1841305.8,2400.0,100,5,5,12,2023,4,1
2023-12-24,36229,3663118.22,1827444.13,1835674.09,2400.0,100,5,6,12,2023,4,1
2023-12-25,23781,2341923.16,1167148.38,1174774.78,2400.0,100,5,0,12,2023,4,0
2023-12-26,13915,1113748.72,554067.29,559681.43,0.0,100,5,1,12,2023,4,0
2023-12-27,13419,1100909.34,546957.12,553952.22,0.0,100,5,2,12,2023,4,0
2023-12-28,13351,1087981.04,540534.12,547446.92,0.0,100,5,3,12,2023,4,0
2023-12-29,18088,1464228.38,727053.92,737174.46,0.0,100,5,4,12,2023,4,0
2023-12-30,21178,1722042.19,855747.76,866294.43,0.0,100,5,5,12,2023,4,1
2023-12-31,20977,1707128.69,848716.84,858411.85,0.0,100,5,6,12,2023,4,1
2024-01-01,11181,740475.8,367335.04,373140.76,892.5,100,5,0,1,2024,1,0
2024-01-02,11040,744848.14,370092.29,374755.85,892.5,100,5,1,1,2024,1,0
2024-01-03,11266,748970.33,370472.44,378497.89,892.5,100,5,2,1,2024,1,0
2024-01-04,10940,733370.36,363697.68,369672.68,892.5,100,5,3,1,2024,1,0
2024-01-05,14248,971750.01,481670.81,490079.2,892.5,100,5,4,1,2024,1,0
2024-01-06,17189,1139869.6,564139.78,575729.82,892.5,100,5,5,1,2024,1,1
2024-01-07,17131,1162519.6,576382.61,586136.99,892.5,100,5,6,1,2024,1,1
2024-01-08,11024,750617.6,372748.38,377869.22000000003,892.5,100,5,0,1,2024,1,0
2024-01-09,10882,732942.85,364101.08,368841.77,892.5,100,5,1,1,2024,1,0
2024-01-10,10919,729618.63,361924.14,367694.49,892.5,100,5,2,1,2024,1,0
2024-01-11,11192,752238.17,372498.48,379739.69,892.5,100,5,3,1,2024,1,0
2024-01-12,14831,995414.59,493210.64,502203.95,892.5,100,5,4,1,2024,1,0
2024-01-13,17258,1159500.56,573657.0,585843.56,892.5,100,5,5,1,2024,1,1
2024-01-14,17052,1146677.09,568003.46,578673.63,892.5,100,5,6,1,2024,1,1
2024-01-15,10936,756562.45,375416.57,381145.88,892.5,100,5,0,1,2024,1,0
2024-01-16,9766,626137.82,309517.87,316619.95,0.0,100,5,1,1,2024,1,0
2024-01-17,9609,633914.6900000001,313494.31,320420.38,0.0,100,5,2,1,2024,1,0
2024-01-18,9646,622388.25,308894.0,313494.25,0.0,100,5,3,1,2024,1,0
2024-01-19,13370,859027.6,424625.34,434402.26,0.0,100,5,4,1,2024,1,0
2024-01-20,15448,1000474.51,493598.7,506875.81,0.0,100,5,5,1,2024,1,1
2024-01-21,15097,974651.46,482259.66,492391.8,0.0,100,5,6,1,2024,1,1
2024-01-22,9517,624066.49,308965.23,315101.26,0.0,100,5,0,1,2024,1,0
2024-01-23,10015,643187.65,317854.6,325333.05,0.0,100,5,1,1,2024,1,0
2024-01-24,9606,635972.5,314022.79,321949.71,0.0,100,5,2,1,2024,1,0
2024-01-25,9740,642023.48,317715.79,324307.69,0.0,100,5,3,1,2024,1,0
2024-01-26,13268,841720.39,416390.42,425329.97,0.0,100,5,4,1,2024,1,0
2024-01-27,15703,999015.67,494167.67,504848.0,0.0,100,5,5,1,2024,1,1
2024-01-28,15552,1013707.41,500527.41,513180.0,0.0,100,5,6,1,2024,1,1
2024-01-29,9899,634597.73,313846.75,320750.98,0.0,100,5,0,1,2024,1,0
2024-01-30,9775,635042.58,314501.78,320540.8,0.0,100,5,1,1,2024,1,0
2024-01-31,9827,629401.11,311174.96,318226.15,0.0,100,5,2,1,2024,1,0
2024-02-01,9859,638062.1,315388.52,322673.58,0.0,100,5,3,2,2024,1,0
2024-02-02,13316,846934.09,419446.71,427487.38,0.0,100,5,4,2,2024,1,0
2024-02-03,15401,990288.13,488806.9,501481.23,0.0,100,5,5,2,2024,1,1
2024-02-04,15544,1009972.45,499969.52999999997,510002.92,0.0,100,5,6,2,2024,1,1
2024-02-05,9672,633768.26,313077.1,320691.16,0.0,100,5,0,2,2024,1,0
2024-02-06,9657,631592.19,312378.35,319213.84,0.0,100,5,1,2,2024,1,0
2024-02-07,9833,633894.84,312786.13,321108.71,0.0,100,5,2,2,2024,1,0
2024-02-08,9839,636497.81,314074.96,322422.85,0.0,100,5,3,2,2024,1,0
2024-02-09,13278,843826.59,417009.39,426817.2,0.0,100,5,4,2,2024,1,0
2024-02-10,15166,982803.17,486062.71,496740.46,0.0,100,5,5,2,2024,1,1
2024-02-11,15285,991178.29,489418.74,501759.55,0.0,100,5,6,2,2024,1,1
2024-02-12,9631,625464.41,309635.55,315828.86,0.0,100,5,0,2,2024,1,0
2024-02-13,9903,636288.23,314034.03,322254.2,0.0,100,5,1,2,2024,1,0
2024-02-14,10052,636191.11,314767.38,321423.73,0.0,100,5,2,2,2024,1,0
2024-02-15,9957,638912.1,315864.21,323047.89,0.0,100,5,3,2,2024,1,0
2024-02-16,12955,840245.18,415659.71,424585.47,0.0,100,5,4,2,2024,1,0
2024-02-17,15382,998217.19,493494.07,504723.12,0.0,100,5,5,2,2024,1,1
2024-02-18,15498,999273.72,493667.74,505605.98,0.0,100,5,6,2,2024,1,1
2024-02-19,9598,638332.32,316472.23,321860.09,0.0,100,5,0,2,2024,1,0
2024-02-20,9779,641729.22,317083.98,324645.24,0.0,100,5,1,2,2024,1,0
2024-02-21,10000,643747.45,318187.36,325560.09,0.0,100,5,2,2,2024,1,0
2024-02-22,9807,632938.1,312865.48,320072.62,0.0,100,5,3,2,2024,1,0
2024-02-23,13108,848620.27,420515.91,428104.36,0.0,100,5,4,2,2024,1,0
2024-02-24,15263,989105.96,489671.81,499434.15,0.0,100,5,5,2,2024,1,1
2024-02-25,15567,983835.75,486041.18,497794.57,0.0,100,5,6,2,2024,1,1
2024-02-26,9867,637873.18,315531.6,322341.58,0.0,100,5,0,2,2024,1,0
2024-02-27,9772,644502.84,318571.45,325931.39,0.0,100,5,1,2,2024,1,0
2024-02-28,9715,633250.81,313096.2,320154.61,0.0,100,5,2,2,2024,1,0
2024-02-29,9908,636298.51,313848.91,322449.6,0.0,100,5,3,2,2024,1,0
2024-03-01,14282,958984.03,474799.47,484184.56,0.0,100,5,4,3,2024,1,0
2024-03-02,16577,1150047.14,569541.5,580505.64,0.0,100,5,5,3,2024,1,1
2024-03-03,16812,1160516.55,574986.49,585530.06,0.0,100,5,6,3,2024,1,1
2024-03-04,10755,743505.9,368350.54,375155.36,0.0,100,5,0,3,2024,1,0
2024-03-05,10263,720210.19,356622.67,363587.52,0.0,100,5,1,3,2024,1,0
2024-03-06,10716,728258.8099999999,360410.35,367848.46,0.0,100,5,2,3,2024,1,0
2024-03-07,10349,723462.71,359166.63,364296.08,0.0,100,5,3,3,2024,1,0
2024-03-08,14245,969867.76,481167.84,488699.92,0.0,100,5,4,3,2024,1,0
2024-03-09,16767,1158108.44,574182.35,583926.09,0.0,100,5,5,3,2024,1,1
2024-03-10,16330,1151410.2,570586.78,580823.42,0.0,100,5,6,3,2024,1,1
2024-03-11,17023,1026444.62,508583.72,517860.9,738.5,100,5,0,3,2024,1,0
2024-03-12,17117,1021139.29,506714.44,514424.85,738.5,100,5,1,3,2024,1,0
2024-03-13,17063,1031107.72,511435.48,519672.24,738.5,100,5,2,3,2024,1,0
2024-03-14,16996,1018291.76,505647.22000000003,512644.54,738.5,100,5,3,3,2024,1,0
2024-03-15,23124,1361278.32,676743.44,684534.88,738.5,100,5,4,3,2024,1,0
2024-03-16,26524,1582561.21,784745.09,797816.12,738.5,100,5,5,3,2024,1,1
2024-03-17,27006,1597813.25,792194.54,805618.71,738.5,100,5,6,3,2024,1,1
2024-03-18,17016,1034509.4400000001,513050.91,521458.53,738.5,100,5,0,3,2024,1,0
2024-03-19,17051,1018020.11,505187.06,512833.05,738.5,100,5,1,3,2024,1,0
2024-03-20,17219,1039334.98,515670.49,523664.49,738.5,100,5,2,3,2024,1,0
2024-03-21,17132,1024531.43,507509.52,517021.91,738.5,100,5,3,3,2024,1,0
2024-03-22,22146,1334391.33,662907.34,671483.99,738.5,100,5,4,3,2024,1,0
2024-03-23,27051,1617106.85,803103.24,814003.61,738.5,100,5,5,3,2024,1,1
2024-03-24,26340,1563570.47,776556.41,787014.0599999999,738.5,100,5,6,3,2024,1,1
2024-03-25,16757,997643.55,494954.69,502688.86,738.5,100,5,0,3,2024,1,0
2024-03-26,17539,1054783.56,523492.26,531291.3,738.5,100,5,1,3,2024,1,0
2024-03-27,17174,1012366.0,502210.35,510155.65,738.5,100,5,2,3,2024,1,0
2024-03-28,16935,1019450.14,505992.68,513457.46,738.5,100,5,3,3,2024,1,0
2024-03-29,22904,1365897.94,678352.36,687545.58,738.5,100,5,4,3,2024,1,0
2024-03-30,26241,1571032.83,779060.94,791971.89,738.5,100,5,5,3,2024,1,1
2024-03-31,26179,1594383.23,790718.13,803665.1,738.5,100,5,6,3,2024,1,1
2024-04-01,17096,1033631.35,513079.01,520552.34,738.5,100,5,0,4,2024,2,0
2024-04-02,17094,1007437.88,500537.11,506900.77,738.5,100,5,1,4,2024,2,0
2024-04-03,16739,991163.93,492602.01,498561.92,738.5,100,5,2,4,2024,2,0
2024-04-04,16877,1039444.44,515705.22,523739.22,738.5,100,5,3,4,2024,2,0
2024-04-05,22486,1364252.33,677542.0599999999,686710.27,738.5,100,5,4,4,2024,2,0
2024-04-06,26620,1582028.53,785438.09,796590.44,738.5,100,5,5,4,2024,2,1
2024-04-07,26392,1591278.46,791109.2,800169.26,738.5,100,5,6,4,2024,2,1
2024-04-08,17530,1033534.56,512981.57,520552.99,738.5,100,5,0,4,2024,2,0
2024-04-09,16860,1017315.33,504321.0,512994.33,738.5,100,5,1,4,2024,2,0
2024-04-10,33035,1837996.04,908245.27,929750.77,4544.0,100,5,2,4,2024,2,0
2024-04-11,20172,1279278.19,631557.08,647721.11,4333.0,100,5,3,4,2024,2,0
2024-04-12,27226,1772205.75,872312.08,899893.67,4333.0,100,5,4,4,2024,2,0
2024-04-13,31148,2037529.91,1004553.26,1032976.65,4333.0,100,5,5,4,2024,2,1
2024-04-14,31341,2075234.44,1023881.96,1051352.48,4333.0,100,5,6,4,2024,2,1
2024-04-15,20596,1347177.77,662606.36,684571.41,4333.0,100,5,0,4,2024,2,0
2024-04-16,20667,1313428.6199999999,646476.13,666952.49,4333.0,100,5,1,4,2024,2,0
2024-04-17,20571,1330105.2,658178.17,671927.03,4333.0,100,5,2,4,2024,2,0
2024-04-18,10492,734119.85,363854.28,370265.57,0.0,100,5,3,4,2024,2,0
2024-04-19,14300,990448.87,490412.71,500036.16,0.0,100,5,4,4,2024,2,0
2024-04-20,16406,1101820.07,546273.72,555546.35,0.0,100,5,5,4,2024,2,1
2024-04-21,16413,1137983.58,563756.95,574226.63,0.0,100,5,6,4,2024,2,1
2024-04-22,10650,742395.86,367588.59,374807.27,0.0,100,5,0,4,2024,2,0
2024-04-23,10390,733639.79,364211.82,369427.97,0.0,100,5,1,4,2024,2,0
2024-04-24,10388,715865.25,354771.69,361093.56,0.0,100,5,2,4,2024,2,0
2024-04-25,10687,741061.22,367158.26,373902.96,0.0,100,5,3,4,2024,2,0
2024-04-26,14078,966237.42,479234.14,487003.28,0.0,100,5,4,4,2024,2,0
2024-04-27,16127,1125856.86,556863.29,568993.57,0.0,100,5,5,4,2024,2,1
2024-04-28,16284,1133351.57,562906.45,570445.12,0.0,100,5,6,4,2024,2,1
2024-04-29,10644,750614.86,372179.05,378435.81,0.0,100,5,0,4,2024,2,0
2024-04-30,10436,706182.4400000001,350149.04,356033.4,0.0,100,5,1,4,2024,2,0
2024-05-01,9890,695204.41,342800.18,352404.23,0.0,100,5,2,5,2024,2,0
2024-05-02,9928,693296.78,343126.68,350170.1,0.0,100,5,3,5,2024,2,0
2024-05-03,13230,929271.9,458863.3,470408.6,0.0,100,5,4,5,2024,2,0
2024-05-04,15719,1072508.76,529694.82,542813.94,0.0,100,5,5,5,2024,2,1
2024-05-05,15130,1061444.0,523950.2,537493.8,0.0,100,5,6,5,2024,2,1
2024-05-06,9896,689822.91,340593.92,349228.99,0.0,100,5,0,5,2024,2,0
2024-05-07,9962,686864.43,339310.06,347554.37,0.0,100,5,1,5,2024,2,0
2024-05-08,10166,693133.5,342835.21,350298.29,0.0,100,5,2,5,2024,2,0
2024-05-09,10106,678292.74,335481.78,342810.96,0.0,100,5,3,5,2024,2,0
2024-05-10,13186,926447.84,456172.3,470275.54,0.0,100,5,4,5,2024,2,0
2024-05-11,15613,1057990.14,522898.85,535091.29,0.0,100,5,5,5,2024,2,1
2024-05-12,15366,1084098.83,535570.13,548528.7,0.0,100,5,6,5,2024,2,1
2024-05-13,9976,687770.44,339691.34,348079.1,0.0,100,5,0,5,2024,2,0
2024-05-14,9736,679169.17,334691.64,344477.52999999997,0.0,100,5,1,5,2024,2,0
2024-05-15,9951,690436.81,341408.47,349028.34,0.0,100,5,2,5,2024,2,0
2024-05-16,9948,699458.28,344638.83,354819.45,0.0,100,5,3,5,2024,2,0
2024-05-17,13398,952256.77,469449.82,482806.95,0.0,100,5,4,5,2024,2,0
2024-05-18,15315,1060004.62,522713.41,537291.21,0.0,100,5,5,5,2024,2,1
2024-05-19,15679,1062804.43,525053.14,537751.29,0.0,100,5,6,5,2024,2,1
2024-05-20,10246,698718.73,344935.54,353783.19,0.0,100,5,0,5,2024,2,0
2024-05-21,10109,690929.84,340894.34,350035.5,0.0,100,5,1,5,2024,2,0
2024-05-22,9994,692263.25,341856.11,350407.14,0.0,100,5,2,5,2024,2,0
2024-05-23,10157,703238.2,346653.09,356585.11,0.0,100,5,3,5,2024,2,0
2024-05-24,13520,931775.08,460239.35,471535.73,0.0,100,5,4,5,2024,2,0
2024-05-25,15219,1057527.15,523256.81,534270.34,0.0,100,5,5,5,2024,2,1
2024-05-26,15039,1053827.89,520521.05,533306.84,0.0,100,5,6,5,2024,2,1
2024-05-27,10099,688293.38,339779.53,348513.85,0.0,100,5,0,5,2024,2,0
2024-05-28,9893,692519.45,342184.19,350335.26,0.0,100,5,1,5,2024,2,0
2024-05-29,9595,683429.26,337626.21,345803.05,0.0,100,5,2,5,2024,2,0
2024-05-30,10213,690590.78,341959.19,348631.59,0.0,100,5,3,5,2024,2,0
2024-05-31,13215,933191.09,460945.6,472245.49,0.0,100,5,4,5,2024,2,0
2024-06-01,15648,1064610.08,527529.3,537080.78,0.0,100,5,5,6,2024,2,1
2024-06-02,15305,1062418.52,525966.25,536452.27,0.0,100,5,6,6,2024,2,1
2024-06-03,9808,692791.01,342560.66,350230.35,0.0,100,5,0,6,2024,2,0
2024-06-04,9897,692264.73,341496.21,350768.52,0.0,100,5,1,6,2024,2,0
2024-06-05,10052,706053.15,348127.02,357926.13,0.0,100,5,2,6,2024,2,0
2024-06-06,9915,690597.16,340580.56,350016.6,0.0,100,5,3,6,2024,2,0
2024-06-07,12956,928972.01,458685.2,470286.81,0.0,100,5,4,6,2024,2,0
2024-06-08,15639,1106280.45,545252.72,561027.73,0.0,100,5,5,6,2024,2,1
2024-06-09,15364,1078752.27,532781.44,545970.83,0.0,100,5,6,6,2024,2,1
2024-06-10,9828,691476.7,342048.1,349428.6,0.0,100,5,0,6,2024,2,0
2024-06-11,10211,701129.37,345540.41,355588.96,0.0,100,5,1,6,2024,2,0
2024-06-12,9991,697803.35,345166.22,352637.13,0.0,100,5,2,6,2024,2,0
2024-06-13,10196,699272.36,345570.25,353702.11,0.0,100,5,3,6,2024,2,0
2024-06-14,13616,923366.86,455192.6,468174.26,0.0,100,5,4,6,2024,2,0
2024-06-15,18067,1334898.41,660348.07,674550.34,625.0,100,5,5,6,2024,2,1
2024-06-16,18684,1353778.9,670533.06,683245.84,625.0,100,5,6,6,2024,2,1
2024-06-17,12149,859114.06,426458.33,432655.73,625.0,100,5,0,6,2024,2,0
2024-06-18,11809,859181.34,425456.16,433725.18,625.0,100,5,1,6,2024,2,0
2024-06-19,11802,855274.11,423787.61,431486.5,625.0,100,5,2,6,2024,2,0
2024-06-20,11948,874542.8,432855.26,441687.54,625.0,100,5,3,6,2024,2,0
2024-06-21,15842,1173691.5,582371.86,591319.64,625.0,100,5,4,6,2024,2,0
2024-06-22,18379,1344440.11,666556.8099999999,677883.3,625.0,100,5,5,6,2024,2,1
2024-06-23,18454,1316350.78,652507.56,663843.22,625.0,100,5,6,6,2024,2,1
2024-06-24,11950,859854.44,427212.56,432641.88,625.0,100,5,0,6,2024,2,0
2024-06-25,11899,871642.42,432168.44,439473.98,625.0,100,5,1,6,2024,2,0
2024-06-26,11605,858794.71,424628.75,434165.96,625.0,100,5,2,6,2024,2,0
2024-06-27,11709,872921.74,432682.17,440239.57,625.0,100,5,3,6,2024,2,0
2024-06-28,15533,1151593.18,568969.34,582623.84,625.0,100,5,4,6,2024,2,0
2024-06-29,18858,1359318.57,674199.56,685119.01,625.0,100,5,5,6,2024,2,1
2024-06-30,18393,1344080.75,665809.22,678271.53,625.0,100,5,6,6,2024,2,1
2024-07-01,11314,809479.36,400902.98,408576.38,625.0,100,5,0,7,2024,3,0
2024-07-02,11243,809917.61,401180.13,408737.48,625.0,100,5,1,7,2024,3,0
2024-07-03,11367,820609.03,405598.13,415010.9,625.0,100,5,2,7,2024,3,0
2024-07-04,11576,831545.83,411457.62,420088.21,625.0,100,5,3,7,2024,3,0
2024-07-05,14911,1094209.22,542037.97,552171.25,625.0,100,5,4,7,2024,3,0
2024-07-06,17628,1242163.65,613491.5,628672.15,625.0,100,5,5,7,2024,3,1
2024-07-07,16968,1228692.36,608400.36,620292.0,625.0,100,5,6,7,2024,3,1
2024-07-08,11308,813202.32,402332.71,410869.61,625.0,100,5,0,7,2024,3,0
2024-07-09,11045,805364.81,398852.06,406512.75,625.0,100,5,1,7,2024,3,0
2024-07-10,11007,801864.32,396505.57,405358.75,625.0,100,5,2,7,2024,3,0
2024-07-11,11108,810226.82,400428.54,409798.27999999997,625.0,100,5,3,7,2024,3,0
2024-07-12,15535,1104375.82,546349.8,558026.02,625.0,100,5,4,7,2024,3,0
2024-07-13,18433,1282391.37,635362.18,647029.19,625.0,100,5,5,7,2024,3,1
2024-07-14,17762,1275064.14,631833.74,643230.4,625.0,100,5,6,7,2024,3,1
2024-07-15,11411,801509.99,396654.48,404855.51,625.0,100,5,0,7,2024,3,0
2024-07-16,9443,652086.07,321824.0,330262.07,0.0,100,5,1,7,2024,3,0
2024-07-17,9426,660998.57,326733.71,334264.86,0.0,100,5,2,7,2024,3,0
2024-07-18,9498,668607.57,329868.31,338739.26,0.0,100,5,3,7,2024,3,0
2024-07-19,12528,866640.67,428044.76,438595.91,0.0,100,5,4,7,2024,3,0
2024-07-20,14897,1060637.81,523045.13,537592.68,0.0,100,5,5,7,2024,3,1
2024-07-21,14768,1034343.0599999999,509063.29,525279.77,0.0,100,5,6,7,2024,3,1
2024-07-22,9635,661471.2,326254.78,335216.42,0.0,100,5,0,7,2024,3,0
2024-07-23,9593,658210.93,324882.78,333328.15,0.0,100,5,1,7,2024,3,0
2024-07-24,9618,659315.52,325209.64,334105.88,0.0,100,5,2,7,2024,3,0
2024-07-25,9695,655999.15,323439.05,332560.1,0.0,100,5,3,7,2024,3,0
2024-07-26,12607,867690.89,429196.84,438494.05,0.0,100,5,4,7,2024,3,0
2024-07-27,14991,1033937.61,511060.81,522876.8,0.0,100,5,5,7,2024,3,1
2024-07-28,14750,1024090.44,504429.75,519660.69,0.0,100,5,6,7,2024,3,1
2024-07-29,9701,669424.3,329519.93,339904.37,0.0,100,5,0,7,2024,3,0
2024-07-30,9508,654249.97,322915.44,331334.52999999997,0.0,100,5,1,7,2024,3,0
2024-07-31,9580,662269.63,326428.22,335841.41,0.0,100,5,2,7,2024,3,0
2024-08-01,9734,660965.07,325697.97,335267.1,0.0,100,5,3,8,2024,3,0
2024-08-02,12962,886921.82,438106.08,448815.74,0.0,100,5,4,8,2024,3,0
2024-08-03,14644,1001981.12,494080.94,507900.18,0.0,100,5,5,8,2024,3,1
2024-08-04,14829,1023074.17,503520.98,519553.19,0.0,100,5,6,8,2024,3,1
2024-08-05,9623,650737.06,320898.09,329838.97,0.0,100,5,0,8,2024,3,0
2024-08-06,9623,673642.9,332327.74,341315.16,0.0,100,5,1,8,2024,3,0
2024-08-07,9713,661125.41,326479.15,334646.26,0.0,100,5,2,8,2024,3,0
2024-08-08,9747,668492.72,329699.86,338792.86,0.0,100,5,3,8,2024,3,0
2024-08-09,12928,871670.18,430927.69,440742.49,0.0,100,5,4,8,2024,3,0
2024-08-10,14767,1030453.08,508494.46,521958.62,0.0,100,5,5,8,2024,3,1
2024-08-11,15184,1040665.28,513716.32,526948.96,0.0,100,5,6,8,2024,3,1
2024-08-12,9699,652695.22,322371.16,330324.06,0.0,100,5,0,8,2024,3,0
2024-08-13,9804,668711.78,330055.38,338656.4,0.0,100,5,1,8,2024,3,0
2024-08-14,9793,653075.7,322031.27,331044.43,0.0,100,5,2,8,2024,3,0
2024-08-15,11274,936195.06,461088.75,475106.31,770.0,100,5,3,8,2024,3,0
2024-08-16,15521,1257437.46,618542.49,638894.97,770.0,100,5,4,8,2024,3,0
2024-08-17,18068,1481652.59,729913.62,751738.97,770.0,100,5,5,8,2024,3,1
2024-08-18,17863,1450184.49,713534.9,736649.59,770.0,100,5,6,8,2024,3,1
2024-08-19,11534,921160.67,454451.24,466709.43,770.0,100,5,0,8,2024,3,0
2024-08-20,11471,921535.98,453445.3,468090.68,770.0,100,5,1,8,2024,3,0
2024-08-21,11471,928001.98,457816.18,470185.8,770.0,100,5,2,8,2024,3,0
2024-08-22,11726,942940.46,465247.1,477693.36,770.0,100,5,3,8,2024,3,0
2024-08-23,15436,1255672.45,618250.46,637421.99,770.0,100,5,4,8,2024,3,0
2024-08-24,17820,1422479.72,700917.41,721562.31,770.0,100,5,5,8,2024,3,1
2024-08-25,17913,1486638.39,733913.89,752724.5,770.0,100,5,6,8,2024,3,1
2024-08-26,11708,925493.37,455617.44,469875.93,770.0,100,5,0,8,2024,3,0
2024-08-27,11346,942283.78,464658.8,477624.98,770.0,100,5,1,8,2024,3,0
2024-08-28,11514,942879.92,464568.22,478311.7,770.0,100,5,2,8,2024,3,0
2024-08-29,11542,963854.93,474021.02,489833.91,770.0,100,5,3,8,2024,3,0
2024-08-30,14896,1201719.86,591249.32,610470.54,770.0,100,5,4,8,2024,3,0
2024-08-31,17601,1487558.91,733818.46,753740.45,770.0,100,5,5,8,2024,3,1
2024-09-01,18506,1538203.23,758805.27,779397.96,770.0,100,5,6,9,2024,3,1
2024-09-02,11905,977547.46,482120.54,495426.92,770.0,100,5,0,9,2024,3,0
2024-09-03,11864,959176.89,472949.44,486227.45,770.0,100,5,1,9,2024,3,0
2024-09-04,12059,984993.89,487069.1,497924.79,770.0,100,5,2,9,2024,3,0
2024-09-05,11966,983665.06,484269.75,499395.31,770.0,100,5,3,9,2024,3,0
2024-09-06,16022,1287507.25,635494.02,652013.23,770.0,100,5,4,9,2024,3,0
2024-09-07,18492,1515562.99,746436.44,769126.55,770.0,100,5,5,9,2024,3,1
2024-09-08,18735,1523387.05,751857.12,771529.93,770.0,100,5,6,9,2024,3,1
2024-09-09,12200,972261.17,479640.71,492620.46,770.0,100,5,0,9,2024,3,0
2024-09-10,12028,987154.92,486379.51,500775.41,770.0,100,5,1,9,2024,3,0
2024-09-11,10250,722764.96,356545.28,366219.68,0.0,100,5,2,9,2024,3,0
2024-09-12,9909,695572.46,343448.27,352124.19,0.0,100,5,3,9,2024,3,0
2024-09-13,13662,931429.59,459584.23,471845.36,0.0,100,5,4,9,2024,3,0
2024-09-14,15656,1087486.06,537948.22,549537.84,0.0,100,5,5,9,2024,3,1
2024-09-15,15580,1085114.78,535611.03,549503.75,0.0,100,5,6,9,2024,3,1
2024-09-16,10159,708270.58,350166.34,358104.24,0.0,100,5,0,9,2024,3,0
2024-09-17,9958,672273.75,332350.08,339923.67,0.0,100,5,1,9,2024,3,0
2024-09-18,9877,693609.65,342199.67,351409.98,0.0,100,5,2,9,2024,3,0
2024-09-19,9873,689693.77,340356.45,349337.32,0.0,100,5,3,9,2024,3,0
2024-09-20,13157,933599.32,461311.96,472287.36,0.0,100,5,4,9,2024,3,0
2024-09-21,15084,1049965.8,518285.42,531680.38,0.0,100,5,5,9,2024,3,1
2024-09-22,15786,1077739.55,531537.76,546201.79,0.0,100,5,6,9,2024,3,1
2024-09-23,9734,677161.05,334853.44,342307.61,0.0,100,5,0,9,2024,3,0
2024-09-24,9839,705031.87,349027.77,356004.1,0.0,100,5,1,9,2024,3,0
2024-09-25,9961,679314.51,335491.97,343822.54,0.0,100,5,2,9,2024,3,0
2024-09-26,9901,678604.61,334845.05,343759.56,0.0,100,5,3,9,2024,3,0
2024-09-27,13616,929021.99,458064.35,470957.64,0.0,100,5,4,9,2024,3,0
2024-09-28,15361,1086094.24,535769.43,550324.81,0.0,100,5,5,9,2024,3,1
2024-09-29,15197,1078847.83,532363.3,546484.53,0.0,100,5,6,9,2024,3,1
2024-09-30,9808,679413.8099999999,335382.67,344031.14,0.0,100,5,0,9,2024,3,0
2024-10-01,10895,744102.03,368782.22,375319.81,0.0,100,5,1,10,2024,4,0
2024-10-02,10597,726867.13,360673.03,366194.1,0.0,100,5,2,10,2024,4,0
2024-10-03,10688,748262.46,370785.76,377476.7,0.0,100,5,3,10,2024,4,0
2024-10-04,14547,995774.85,494751.86,501022.99,0.0,100,5,4,10,2024,4,0
2024-10-05,16673,1161484.44,576569.87,584914.57,0.0,100,5,5,10,2024,4,1
2024-10-06,16967,1164659.72,578432.29,586227.43,0.0,100,5,6,10,2024,4,1
2024-10-07,10668,740246.96,366791.54,373455.42,0.0,100,5,0,10,2024,4,0
2024-10-08,10849,730906.27,361681.74,369224.52999999997,0.0,100,5,1,10,2024,4,0
2024-10-09,11135,768485.02,381123.96,387361.06,0.0,100,5,2,10,2024,4,0
2024-10-10,10809,745522.38,369317.16,376205.22,0.0,100,5,3,10,2024,4,0
2024-10-11,14583,991253.58,492009.32,499244.26,0.0,100,5,4,10,2024,4,0
2024-10-12,16550,1162840.07,578350.34,584489.73,0.0,100,5,5,10,2024,4,1
2024-10-13,17120,1161378.7,577468.61,583910.09,0.0,100,5,6,10,2024,4,1
2024-10-14,11020,748603.17,371182.69,377420.48,0.0,100,5,0,10,2024,4,0
2024-10-15,11003,748932.62,371501.06,377431.56,0.0,100,5,1,10,2024,4,0
2024-10-16,10796,750634.46,372307.06,378327.4,0.0,100,5,2,10,2024,4,0
2024-10-17,10556,739059.0,367065.43,371993.57,0.0,100,5,3,10,2024,4,0
2024-10-18,14094,994227.25,492670.77999999997,501556.47,0.0,100,5,4,10,2024,4,0
2024-10-19,16797,1169581.05,579275.39,590305.66,0.0,100,5,5,10,2024,4,1
2024-10-20,16849,1157123.28,573653.54,583469.74,0.0,100,5,6,10,2024,4,1
2024-10-21,10766,745988.55,369465.15,376523.4,0.0,100,5,0,10,2024,4,0
2024-10-22,10667,743431.36,367916.11,375515.25,0.0,100,5,1,10,2024,4,0
2024-10-23,10735,753145.78,373914.27,379231.51,0.0,100,5,2,10,2024,4,0
2024-10-24,10792,744699.41,368639.53,376059.88,0.0,100,5,3,10,2024,4,0
2024-10-25,14312,993680.72,492947.64,500733.08,0.0,100,5,4,10,2024,4,0
2024-10-26,16824,1168873.22,578962.62,589910.6,0.0,100,5,5,10,2024,4,1
2024-10-27,16592,1144101.75,567473.58,576628.17,0.0,100,5,6,10,2024,4,1
2024-10-28,10828,752615.03,373845.93,378769.1,0.0,100,5,0,10,2024,4,0
2024-10-29,10703,734224.5599999999,364474.89,369749.67,0.0,100,5,1,10,2024,4,0
2024-10-30,10942,752559.38,372373.88,380185.5,0.0,100,5,2,10,2024,4,0
2024-10-31,10781,743356.13,368266.51,375089.62,0.0,100,5,3,10,2024,4,0
2024-11-01,17078,1401578.55,693951.7,707626.85,0.0,100,5,4,11,2024,4,0
2024-11-02,19308,1581992.35,783808.84,798183.51,0.0,100,5,5,11,2024,4,1
2024-11-03,19849,1641979.15,813047.54,828931.61,0.0,100,5,6,11,2024,4,1
2024-11-04,12607,1046651.72,518361.73,528289.99,0.0,100,5,0,11,2024,4,0
2024-11-05,12769,1029298.6,510726.72000000003,518571.88,0.0,100,5,1,11,2024,4,0
2024-11-06,12696,1020857.46,506093.76,514763.7,0.0,100,5,2,11,2024,4,0
2024-11-07,12458,1023539.62,507646.44,515893.18,0.0,100,5,3,11,2024,4,0
2024-11-08,16853,1388249.55,687266.77,700982.78,0.0,100,5,4,11,2024,4,0
2024-11-09,19732,1608623.17,797742.3,810880.87,0.0,100,5,5,11,2024,4,1
2024-11-10,20006,1647602.44,815078.24,832524.2,0.0,100,5,6,11,2024,4,1
2024-11-11,12241,1030258.93,511022.77,519236.16,0.0,100,5,0,11,2024,4,0
2024-11-12,12751,1023853.49,507116.44,516737.05,0.0,100,5,1,11,2024,4,0
2024-11-13,12937,1064870.49,527667.28,537203.21,0.0,100,5,2,11,2024,4,0
2024-11-14,12818,1034398.86,511744.83,522654.02999999997,0.0,100,5,3,11,2024,4,0
2024-11-15,16569,1368977.23,678889.44,690087.79,0.0,100,5,4,11,2024,4,0
2024-11-16,19680,1602070.65,792340.26,809730.39,0.0,100,5,5,11,2024,4,1
2024-11-17,19412,1621757.52,802877.6,818879.92,0.0,100,5,6,11,2024,4,1
2024-11-18,12714,1030358.21,510959.71,519398.5,0.0,100,5,0,11,2024,4,0
2024-11-19,12448,1034056.3,512775.22,521281.08,0.0,100,5,1,11,2024,4,0
2024-11-20,12897,1042310.89,516705.86,525605.03,0.0,100,5,2,11,2024,4,0
2024-11-21,12868,1072655.94,530368.51,542287.43,0.0,100,5,3,11,2024,4,0
2024-11-22,16893,1409424.99,699176.71,710248.28,0.0,100,5,4,11,2024,4,0
2024-11-23,20022,1647229.91,818417.5,828812.41,0.0,100,5,5,11,2024,4,1
2024-11-24,19601,1590426.1,788362.85,802063.25,0.0,100,5,6,11,2024,4,1
2024-11-25,12764,1025628.12,509232.46,516395.66,0.0,100,5,0,11,2024,4,0
2024-11-26,12850,1066537.04,528439.66,538097.38,0.0,100,5,1,11,2024,4,0
2024-11-27,12693,1040263.2,515379.4,524883.8,0.0,100,5,2,11,2024,4,0
2024-11-28,12691,1021289.32,504210.0,517079.32,0.0,100,5,3,11,2024,4,0
2024-11-29,35076,3855798.6,1910604.07,1945194.53,17111.5,100,5,4,11,2024,4,0
2024-11-30,40375,4587709.36,2270494.07,2317215.29,17111.5,100,5,5,11,2024,4,1
2024-12-01,42270,4850672.68,2400491.04,2450181.64,17111.5,100,5,6,12,2024,4,1
2024-12-02,32337,5227095.73,2574564.85,2652530.88,34222.5,100,5,0,12,2024,4,0
2024-12-03,15163,1805821.65,890342.68,915478.97,22000.0,100,5,1,12,2024,4,0
2024-12-04,13453,1113979.84,553816.74,560163.1,0.0,100,5,2,12,2024,4,0
2024-12-05,13588,1109967.36,550925.3,559042.0599999999,0.0,100,5,3,12,2024,4,0
2024-12-06,18394,1466200.09,730016.63,736183.46,0.0,100,5,4,12,2024,4,0
2024-12-07,21511,1714917.29,853824.24,861093.05,0.0,100,5,5,12,2024,4,1
2024-12-08,21204,1712174.97,851026.43,861148.54,0.0,100,5,6,12,2024,4,1
2024-12-09,13418,1089973.9,541639.19,548334.71,0.0,100,5,0,12,2024,4,0
2024-12-10,24053,2430066.5,1212259.16,1217807.34,2600.0,100,5,1,12,2024,4,0
2024-12-11,24592,2459589.28,1224136.46,1235452.82,2600.0,100,5,2,12,2024,4,0
2024-12-12,23749,2422472.4,1204408.18,1218064.22,2600.0,100,5,3,12,2024,4,0
2024-12-13,32735,3263375.51,1622625.53,1640749.98,2600.0,100,5,4,12,2024,4,0
2024-12-14,37774,3761632.4,1876121.57,1885510.83,2600.0,100,5,5,12,2024,4,1
2024-12-15,37872,3804203.77,1899116.91,1905086.86,2600.0,100,5,6,12,2024,4,1
2024-12-16,24281,2453573.2199999997,1220782.06,1232791.16,2600.0,100,5,0,12,2024,4,0
2024-12-17,24655,2472825.69,1231774.55,1241051.14,2600.0,100,5,1,12,2024,4,0
2024-12-18,24207,2452302.4,1220727.76,1231574.64,2600.0,100,5,2,12,2024,4,0
2024-12-19,24656,2456934.75,1222673.65,1234261.1,2600.0,100,5,3,12,2024,4,0
2024-12-20,32772,3254534.51,1625955.71,1628578.8,2600.0,100,5,4,12,2024,4,0
2024-12-21,36898,3679702.59,1831943.56,1847759.03,2600.0,100,5,5,12,2024,4,1
2024-12-22,37996,3832606.0300000003,1908754.81,1923851.22,2600.0,100,5,6,12,2024,4,1
2024-12-23,24076,2352364.07,1173494.02,1178870.05,2600.0,100,5,0,12,2024,4,0
2024-12-24,23970,2432995.02,1214161.04,1218833.98,2600.0,100,5,1,12,2024,4,0
2024-12-25,24611,2496103.76,1242455.14,1253648.62,2600.0,100,5,2,12,2024,4,0
2024-12-26,13681,1101962.83,546783.52,555179.3099999999,0.0,100,5,3,12,2024,4,0
2024-12-27,18611,1484637.35,738266.5,746370.85,0.0,100,5,4,12,2024,4,0
2024-12-28,21053,1676606.24,834193.1,842413.14,0.0,100,5,5,12,2024,4,1
2024-12-29,20882,1708019.6,848953.75,859065.85,0.0,100,5,6,12,2024,4,1
2024-12-30,13648,1103237.8,548715.78,554522.02,0.0,100,5,0,12,2024,4,0
2024-12-31,13498,1103736.36,549757.59,553978.77,0.0,100,5,1,12,2024,4,0
2025-01-01,11076,760358.24,376568.99,383789.25,982.5,100,5,2,1,2025,1,0
2025-01-02,11091,747184.03,370514.11,376669.92,982.5,100,5,3,1,2025,1,0
2025-01-03,14765,987864.77,489906.1,497958.67,982.5,100,5,4,1,2025,1,0
2025-01-04,16998,1130217.02,560692.21,569524.81,982.5,100,5,5,1,2025,1,1
2025-01-05,16919,1163004.58,576555.52,586449.06,982.5,100,5,6,1,2025,1,1
2025-01-06,10972,736386.17,364419.66,371966.51,982.5,100,5,0,1,2025,1,0
2025-01-07,10991,743548.4400000001,368971.74,374576.7,982.5,100,5,1,1,2025,1,0
2025-01-08,10969,737980.01,365041.82,372938.19,982.5,100,5,2,1,2025,1,0
2025-01-09,10932,732865.18,363854.38,369010.8,982.5,100,5,3,1,2025,1,0
2025-01-10,15161,1003087.6,497146.66,505940.94,982.5,100,5,4,1,2025,1,0
2025-01-11,16675,1112401.38,552666.01,559735.37,982.5,100,5,5,1,2025,1,1
2025-01-12,17623,1160134.65,574814.87,585319.78,982.5,100,5,6,1,2025,1,1
2025-01-13,11006,753256.43,373709.61,379546.82,982.5,100,5,0,1,2025,1,0
2025-01-14,11062,739880.45,366453.3,373427.15,982.5,100,5,1,1,2025,1,0
2025-01-15,10901,753843.34,374191.51,379651.83,982.5,100,5,2,1,2025,1,0
2025-01-16,9717,624638.82,308400.83,316237.99,0.0,100,5,3,1,2025,1,0
2025-01-17,13178,845894.43,418781.44,427112.99,0.0,100,5,4,1,2025,1,0
2025-01-18,15061,989482.0599999999,489283.68,500198.38,0.0,100,5,5,1,2025,1,1
2025-01-19,15564,993261.88,490604.87,502657.01,0.0,100,5,6,1,2025,1,1
2025-01-20,9815,639314.81,316212.78,323102.03,0.0,100,5,0,1,2025,1,0
2025-01-21,9993,641822.23,317297.61,324524.62,0.0,100,5,1,1,2025,1,0
2025-01-22,10052,631855.52,312233.8,319621.72,0.0,100,5,2,1,2025,1,0
2025-01-23,9681,626165.01,309946.02,316218.99,0.0,100,5,3,1,2025,1,0
2025-01-24,13467,865762.14,427865.88,437896.26,0.0,100,5,4,1,2025,1,0
2025-01-25,15360,993417.69,491845.04,501572.65,0.0,100,5,5,1,2025,1,1
2025-01-26,15414,985337.89,487446.06,497891.83,0.0,100,5,6,1,2025,1,1
2025-01-27,9869,634401.24,313711.45,320689.79,0.0,100,5,0,1,2025,1,0
2025-01-28,9992,648038.18,320239.7,327798.48,0.0,100,5,1,1,2025,1,0
2025-01-29,9843,630287.11,311477.45,318809.66,0.0,100,5,2,1,2025,1,0
2025-01-30,9973,643503.35,318350.02,325153.33,0.0,100,5,3,1,2025,1,0
2025-01-31,13298,860473.0,425624.62,434848.38,0.0,100,5,4,1,2025,1,0
2025-02-01,15236,1000502.32,494990.74,505511.58,0.0,100,5,5,2,2025,1,1
2025-02-02,15415,1016016.18,502349.87,513666.31,0.0,100,5,6,2,2025,1,1
2025-02-03,9620,633192.46,312951.01,320241.45,0.0,100,5,0,2,2025,1,0
2025-02-04,10102,646243.84,319281.94,326961.9,0.0,100,5,1,2,2025,1,0
2025-02-05,9737,630506.92,312050.87,318456.05,0.0,100,5,2,2,2025,1,0
2025-02-06,9950,647389.58,320451.64,326937.94,0.0,100,5,3,2,2025,1,0
2025-02-07,13181,856685.24,423288.91,433396.33,0.0,100,5,4,2,2025,1,0
2025-02-08,15077,995166.47,490899.52,504266.95,0.0,100,5,5,2,2025,1,1
2025-02-09,15313,994502.8,491344.0,503158.8,0.0,100,5,6,2,2025,1,1
2025-02-10,9724,633923.46,313044.75,320878.71,0.0,100,5,0,2,2025,1,0
2025-02-11,10118,648449.81,320617.27,327832.54,0.0,100,5,1,2,2025,1,0
2025-02-12,9758,630965.56,312397.64,318567.92,0.0,100,5,2,2,2025,1,0
2025-02-13,9646,635938.73,314011.67,321927.06,0.0,100,5,3,2,2025,1,0
2025-02-14,13331,856077.2,424092.95,431984.25,0.0,100,5,4,2,2025,1,0
2025-02-15,15602,995377.0,493086.35,502290.65,0.0,100,5,5,2,2025,1,1
2025-02-16,15565,1014732.48,501723.71,513008.77,0.0,100,5,6,2,2025,1,1
2025-02-17,9881,623661.11,308143.24,315517.87,0.0,100,5,0,2,2025,1,0
2025-02-18,9713,622565.41,307352.18,315213.23,0.0,100,5,1,2,2025,1,0
2025-02-19,9954,639552.28,316283.18,323269.1,0.0,100,5,2,2,2025,1,0
2025-02-20,9744,636423.58,314904.45,321519.13,0.0,100,5,3,2,2025,1,0
2025-02-21,13161,859678.66,425157.22,434521.44,0.0,100,5,4,2,2025,1,0
2025-02-22,15547,1004601.5,496746.2,507855.3,0.0,100,5,5,2,2025,1,1
2025-02-23,15369,978166.22,484233.89,493932.33,0.0,100,5,6,2,2025,1,1
2025-02-24,9787,633320.51,313112.83,320207.68,0.0,100,5,0,2,2025,1,0
2025-02-25,10012,650128.68,321274.07,328854.61,0.0,100,5,1,2,2025,1,0
2025-02-26,9736,646004.72,319573.48,326431.24,0.0,100,5,2,2,2025,1,0
2025-02-27,10005,653033.96,322638.37,330395.59,0.0,100,5,3,2,2025,1,0
2025-02-28,22050,1240965.92,613293.11,627672.81,777.0000000000001,100,5,4,2,2025,1,0
2025-03-01,26748,1596372.52,792589.41,803783.11,777.0000000000001,100,5,5,3,2025,1,1
2025-03-02,27156,1617846.24,802917.29,814928.95,777.0000000000001,100,5,6,3,2025,1,1
2025-03-03,16801,998486.87,494741.21,503745.66,777.0000000000001,100,5,0,3,2025,1,0
2025-03-04,17146,1021768.28,506292.57,515475.71,777.0000000000001,100,5,1,3,2025,1,0
2025-03-05,16898,1015469.63,503828.89,511640.74,777.0000000000001,100,5,2,3,2025,1,0
2025-03-06,16935,999895.68,496450.85,503444.83,777.0000000000001,100,5,3,3,2025,1,0
2025-03-07,22755,1377645.27,684553.33,693091.9400000001,777.0000000000001,100,5,4,3,2025,1,0
2025-03-08,25945,1586406.23,789210.06,797196.17,777.0000000000001,100,5,5,3,2025,1,1
2025-03-09,26407,1568332.47,777209.42,791123.05,777.0000000000001,100,5,6,3,2025,1,1
2025-03-10,17024,1035110.72,514607.88,520502.84,777.0000000000001,100,5,0,3,2025,1,0
2025-03-11,17246,1027330.73,510764.83,516565.9,777.0000000000001,100,5,1,3,2025,1,0
2025-03-12,17087,1025621.68,509816.35,515805.33,777.0000000000001,100,5,2,3,2025,1,0
2025-03-13,16641,1001383.19,496574.79,504808.4,777.0000000000001,100,5,3,3,2025,1,0
2025-03-14,22953,1344796.66,667144.0,677652.66,777.0000000000001,100,5,4,3,2025,1,0
2025-03-15,26666,1581729.28,785125.42,796603.86,777.0000000000001,100,5,5,3,2025,1,1
2025-03-16,26554,1602291.0,794265.18,808025.82,777.0000000000001,100,5,6,3,2025,1,1
2025-03-17,17289,1017396.57,504251.96,513144.61,777.0000000000001,100,5,0,3,2025,1,0
2025-03-18,17144,1028696.89,510131.04,518565.85,777.0000000000001,100,5,1,3,2025,1,0
2025-03-19,17009,1023300.42,508301.75,514998.67,777.0000000000001,100,5,2,3,2025,1,0
2025-03-20,16899,1021535.37,507699.24,513836.13,777.0000000000001,100,5,3,3,2025,1,0
2025-03-21,22851,1383556.94,687385.6799999999,696171.26,777.0000000000001,100,5,4,3,2025,1,0
2025-03-22,26430,1606525.75,797378.54,809147.21,777.0000000000001,100,5,5,3,2025,1,1
2025-03-23,25862,1544207.04,767515.88,776691.16,777.0000000000001,100,5,6,3,2025,1,1
2025-03-24,17114,1019747.24,506112.12,513635.12,777.0000000000001,100,5,0,3,2025,1,0
2025-03-25,17019,997734.75,494964.51,502770.24,777.0000000000001,100,5,1,3,2025,1,0
2025-03-26,16884,1031352.72,511639.32,519713.4,777.0000000000001,100,5,2,3,2025,1,0
2025-03-27,16884,1005226.99,499236.99,505990.0,777.0000000000001,100,5,3,3,2025,1,0
2025-03-28,22948,1354265.88,672325.74,681940.14,777.0000000000001,100,5,4,3,2025,1,0
2025-03-29,26540,1571560.93,780263.66,791297.27,777.0000000000001,100,5,5,3,2025,1,1
2025-03-30,53996,2937727.01,1450945.07,1486781.94,4723.0,100,5,6,3,2025,1,1
2025-03-31,20854,1389682.76,683501.04,706181.72,4501.0,100,5,0,3,2025,1,0
2025-04-01,21385,1400481.26,689196.23,711285.03,4501.0,100,5,1,4,2025,2,0
2025-04-02,21329,1395086.01,687445.1900000001,707640.82,4501.0,100,5,2,4,2025,2,0
2025-04-03,20808,1401755.63,689720.97,712034.66,4501.0,100,5,3,4,2025,2,0
2025-04-04,27487,1845638.17,907030.33,938607.84,4501.0,100,5,4,4,2025,2,0
2025-04-05,32636,2183036.82,1075703.24,1107333.58,4501.0,100,5,5,4,2025,2,1
2025-04-06,32647,2144728.53,1057135.07,1087593.46,4501.0,100,5,6,4,2025,2,1
2025-04-07,10349,741035.99,367729.36,373306.63,0.0,100,5,0,4,2025,2,0
2025-04-08,10418,725737.9,360095.4,365642.5,0.0,100,5,1,4,2025,2,0
2025-04-09,10690,737437.25,364862.16,372575.09,0.0,100,5,2,4,2025,2,0
2025-04-10,10298,728366.65,360747.29,367619.36,0.0,100,5,3,4,2025,2,0
2025-04-11,14152,969522.47,479795.85,489726.62,0.0,100,5,4,4,2025,2,0
2025-04-12,16412,1143181.67,567164.93,576016.74,0.0,100,5,5,4,2025,2,1
2025-04-13,16316,1123898.57,555570.37,568328.2,0.0,100,5,6,4,2025,2,1
2025-04-14,10441,725604.99,360158.54,365446.45,0.0,100,5,0,4,2025,2,0
2025-04-15,10749,732328.88,362756.0,369572.88,0.0,100,5,1,4,2025,2,0
2025-04-16,10547,721981.08,359057.27,362923.81,0.0,100,5,2,4,2025,2,0
2025-04-17,10878,738540.19,366576.68,371963.51,0.0,100,5,3,4,2025,2,0
2025-04-18,14385,986036.79,487886.54,498150.25,0.0,100,5,4,4,2025,2,0
2025-04-19,16578,1144545.8,567657.18,576888.62,0.0,100,5,5,4,2025,2,1
2025-04-20,16602,1122923.5,558015.52,564907.98,0.0,100,5,6,4,2025,2,1
2025-04-21,10597,733806.88,364269.19,369537.69,0.0,100,5,0,4,2025,2,0
2025-04-22,10604,727104.26,361105.71,365998.55,0.0,100,5,1,4,2025,2,0
2025-04-23,10692,755278.2,374444.42,380833.78,0.0,100,5,2,4,2025,2,0
2025-04-24,10538,731779.51,361563.12,370216.39,0.0,100,5,3,4,2025,2,0
2025-04-25,14185,989864.93,490423.98,499440.95,0.0,100,5,4,4,2025,2,0
2025-04-26,16451,1149925.91,569814.12,580111.79,0.0,100,5,5,4,2025,2,1
2025-04-27,16380,1144214.67,566883.97,577330.7,0.0,100,5,6,4,2025,2,1
2025-04-28,10521,719400.3,356228.11,363172.19,0.0,100,5,0,4,2025,2,0
2025-04-29,10556,743808.56,367863.32,375945.24,0.0,100,5,1,4,2025,2,0
2025-04-30,10759,728552.95,360883.38,367669.57,0.0,100,5,2,4,2025,2,0
2025-05-01,10034,678414.41,335127.39,343287.02,0.0,100,5,3,5,2025,2,0
2025-05-02,13030,903028.59,445658.32,457370.27,0.0,100,5,4,5,2025,2,0
2025-05-03,15915,1092674.77,539497.21,553177.56,0.0,100,5,5,5,2025,2,1
2025-05-04,15777,1081669.23,534086.1900000001,547583.04,0.0,100,5,6,5,2025,2,1
2025-05-05,9844,701732.14,346290.69,355441.45,0.0,100,5,0,5,2025,2,0
2025-05-06,10108,703416.58,347249.27,356167.31,0.0,100,5,1,5,2025,2,0
2025-05-07,10060,701042.53,346474.91,354567.62,0.0,100,5,2,5,2025,2,0
2025-05-08,10004,692084.04,342190.57,349893.47,0.0,100,5,3,5,2025,2,0
2025-05-09,13528,942674.69,465976.07,476698.62,0.0,100,5,4,5,2025,2,0
2025-05-10,15135,1092311.77,538821.56,553490.21,0.0,100,5,5,5,2025,2,1
2025-05-11,15543,1085026.66,535695.9,549330.76,0.0,100,5,6,5,2025,2,1
2025-05-12,9830,700068.77,346748.54,353320.23,0.0,100,5,0,5,2025,2,0
2025-05-13,10061,682612.84,337092.06,345520.77999999997,0.0,100,5,1,5,2025,2,0
2025-05-14,9913,688712.17,340425.37,348286.8,0.0,100,5,2,5,2025,2,0
2025-05-15,10031,705765.99,348355.67,357410.32,0.0,100,5,3,5,2025,2,0
2025-05-16,13343,923600.05,455959.71,467640.34,0.0,100,5,4,5,2025,2,0
2025-05-17,15752,1058332.8,523174.79,535158.01,0.0,100,5,5,5,2025,2,1
2025-05-18,15538,1073460.12,530364.97,543095.15,0.0,100,5,6,5,2025,2,1
2025-05-19,10048,700345.35,345606.49,354738.86,0.0,100,5,0,5,2025,2,0
2025-05-20,9780,692552.81,342584.25,349968.56,0.0,100,5,1,5,2025,2,0
2025-05-21,10088,687167.07,339596.78,347570.29,0.0,100,5,2,5,2025,2,0
2025-05-22,9843,686932.62,339581.4,347351.22,0.0,100,5,3,5,2025,2,0
2025-05-23,13403,926453.87,457588.31,468865.56,0.0,100,5,4,5,2025,2,0
2025-05-24,15447,1078095.59,531851.24,546244.35,0.0,100,5,5,5,2025,2,1
2025-05-25,15592,1072677.99,530020.79,542657.2,0.0,100,5,6,5,2025,2,1
2025-05-26,10173,697096.16,343933.39,353162.77,0.0,100,5,0,5,2025,2,0
2025-05-27,9829,670524.32,331402.05,339122.27,0.0,100,5,1,5,2025,2,0
2025-05-28,10127,702194.32,346141.05,356053.27,0.0,100,5,2,5,2025,2,0
2025-05-29,9935,701929.37,346174.43,355754.94,0.0,100,5,3,5,2025,2,0
2025-05-30,13480,904089.77,447564.35,456525.42,0.0,100,5,4,5,2025,2,0
2025-05-31,15321,1078889.42,530815.91,548073.51,0.0,100,5,5,5,2025,2,1
2025-06-01,15086,1069238.66,528980.64,540258.02,0.0,100,5,6,6,2025,2,1
2025-06-02,10184,701475.31,345385.04,356090.27,0.0,100,5,0,6,2025,2,0
2025-06-03,10023,696560.53,344003.72,352556.81,0.0,100,5,1,6,2025,2,0
2025-06-04,9795,677330.14,334858.04,342472.1,0.0,100,5,2,6,2025,2,0
2025-06-05,10113,701759.38,347249.06,354510.32,0.0,100,5,3,6,2025,2,0
2025-06-06,13424,939210.12,463287.41,475922.71,0.0,100,5,4,6,2025,2,0
2025-06-07,15454,1078020.45,532836.62,545183.83,0.0,100,5,5,6,2025,2,1
2025-06-08,15255,1072168.99,529268.73,542900.26,0.0,100,5,6,6,2025,2,1
2025-06-09,9815,684903.56,338620.04,346283.52,0.0,100,5,0,6,2025,2,0
2025-06-10,10082,696714.71,343765.38,352949.33,0.0,100,5,1,6,2025,2,0
2025-06-11,9683,682364.6,336416.95,345947.65,0.0,100,5,2,6,2025,2,0
2025-06-12,9727,687684.89,339676.4,348008.49,0.0,100,5,3,6,2025,2,0
2025-06-13,13275,925158.15,456533.38,468624.77,0.0,100,5,4,6,2025,2,0
2025-06-14,15541,1065653.58,525297.03,540356.55,0.0,100,5,5,6,2025,2,1
2025-06-15,18465,1319266.3,652978.53,666287.77,667.5,100,5,6,6,2025,2,1
2025-06-16,12008,859436.99,425309.96,434127.02999999997,667.5,100,5,0,6,2025,2,0
2025-06-17,11963,865149.24,428149.35,436999.89,667.5,100,5,1,6,2025,2,0
2025-06-18,11892,854557.57,423874.17,430683.4,667.5,100,5,2,6,2025,2,0
2025-06-19,11952,885179.28,438551.89,446627.39,667.5,100,5,3,6,2025,2,0
2025-06-20,15848,1142812.74,566942.26,575870.48,667.5,100,5,4,6,2025,2,0
2025-06-21,18865,1361679.85,674925.58,686754.27,667.5,100,5,5,6,2025,2,1
2025-06-22,18374,1309401.73,648932.19,660469.54,667.5,100,5,6,6,2025,2,1
2025-06-23,11996,854344.66,423146.86,431197.8,667.5,100,5,0,6,2025,2,0
2025-06-24,12009,870761.44,431626.25,439135.19,667.5,100,5,1,6,2025,2,0
2025-06-25,11538,852123.42,421903.11,430220.31,667.5,100,5,2,6,2025,2,0
2025-06-26,11664,853666.72,423247.49,430419.23,667.5,100,5,3,6,2025,2,0
2025-06-27,15936,1141944.73,566803.46,575141.27,667.5,100,5,4,6,2025,2,0
2025-06-28,18392,1339179.49,664307.12,674872.37,667.5,100,5,5,6,2025,2,1
2025-06-29,18392,1324383.81,655662.21,668721.6,667.5,100,5,6,6,2025,2,1
2025-06-30,11850,868945.97,430362.45,438583.52,667.5,100,5,0,6,2025,2,0
2025-07-01,11251,811459.24,402552.04,408907.2,667.5,100,5,1,7,2025,3,0
2025-07-02,11431,803297.47,397563.0,405734.47,667.5,100,5,2,7,2025,3,0
2025-07-03,11393,818976.79,405045.46,413931.33,667.5,100,5,3,7,2025,3,0
2025-07-04,15028,1084648.7,537920.03,546728.67,667.5,100,5,4,7,2025,3,0
2025-07-05,17723,1257475.26,622991.55,634483.71,667.5,100,5,5,7,2025,3,1
2025-07-06,17742,1249157.23,619854.69,629302.54,667.5,100,5,6,7,2025,3,1
2025-07-07,11354,798646.5,395607.66,403038.84,667.5,100,5,0,7,2025,3,0
2025-07-08,11322,821194.3099999999,406494.5,414699.81,667.5,100,5,1,7,2025,3,0
2025-07-09,11638,810662.25,401998.43,408663.82,667.5,100,5,2,7,2025,3,0
2025-07-10,11262,806574.45,399199.87,407374.58,667.5,100,5,3,7,2025,3,0
2025-07-11,15221,1068801.27,529048.13,539753.14,667.5,100,5,4,7,2025,3,0
2025-07-12,17773,1260675.07,625132.45,635542.62,667.5,100,5,5,7,2025,3,1
2025-07-13,17565,1259735.12,623642.05,636093.07,667.5,100,5,6,7,2025,3,1
2025-07-14,11024,802581.5599999999,397416.46,405165.1,667.5,100,5,0,7,2025,3,0
2025-07-15,11609,812308.86,402753.97,409554.89,667.5,100,5,1,7,2025,3,0
2025-07-16,9418,669976.38,330269.81,339706.57,0.0,100,5,2,7,2025,3,0
2025-07-17,9525,658127.45,324614.57,333512.88,0.0,100,5,3,7,2025,3,0
2025-07-18,12628,890377.43,439042.23,451335.2,0.0,100,5,4,7,2025,3,0
2025-07-19,14921,1018859.28,501787.75,517071.53,0.0,100,5,5,7,2025,3,1
2025-07-20,14754,1016760.24,501354.54,515405.7,0.0,100,5,6,7,2025,3,1
2025-07-21,9445,645502.37,318477.83,327024.54,0.0,100,5,0,7,2025,3,0
2025-07-22,9607,657947.46,324420.48,333526.98,0.0,100,5,1,7,2025,3,0
2025-07-23,9532,651478.72,320978.61,330500.11,0.0,100,5,2,7,2025,3,0
2025-07-24,9737,664775.29,327440.31,337334.98,0.0,100,5,3,7,2025,3,0
2025-07-25,12774,879302.67,433129.03,446173.64,0.0,100,5,4,7,2025,3,0
2025-07-26,14743,1036245.4,511335.35,524910.05,0.0,100,5,5,7,2025,3,1
2025-07-27,15404,1047044.79,516510.44,530534.35,0.0,100,5,6,7,2025,3,1
2025-07-28,9536,651342.65,321185.83,330156.82,0.0,100,5,0,7,2025,3,0
2025-07-29,9608,652809.92,321921.55,330888.37,0.0,100,5,1,7,2025,3,0
2025-07-30,9702,664457.06,328318.62,336138.44,0.0,100,5,2,7,2025,3,0
2025-07-31,9613,655256.38,322753.59,332502.79,0.0,100,5,3,7,2025,3,0
2025-08-01,12663,875422.23,432720.99,442701.24,0.0,100,5,4,8,2025,3,0
2025-08-02,14826,1029056.72,507906.99,521149.73,0.0,100,5,5,8,2025,3,1
2025-08-03,15074,1040746.87,513358.01,527388.86,0.0,100,5,6,8,2025,3,1
2025-08-04,9513,652603.14,322342.49,330260.65,0.0,100,5,0,8,2025,3,0
2025-08-05,9621,657063.62,323942.93,333120.69,0.0,100,5,1,8,2025,3,0
2025-08-06,9556,655887.66,324056.32,331831.34,0.0,100,5,2,8,2025,3,0
2025-08-07,9529,662304.03,327119.71,335184.32,0.0,100,5,3,8,2025,3,0
2025-08-08,12931,889677.42,438280.36,451397.06,0.0,100,5,4,8,2025,3,0
2025-08-09,14865,1018147.51,502844.45,515303.06,0.0,100,5,5,8,2025,3,1
2025-08-10,14959,1036053.92,510963.29,525090.63,0.0,100,5,6,8,2025,3,1
2025-08-11,9408,656107.09,323882.6,332224.49,0.0,100,5,0,8,2025,3,0
2025-08-12,9535,655674.66,324268.58,331406.08,0.0,100,5,1,8,2025,3,0
2025-08-13,9565,670401.37,330608.81,339792.56,0.0,100,5,2,8,2025,3,0
2025-08-14,9636,653698.3,322525.54,331172.76,0.0,100,5,3,8,2025,3,0
2025-08-15,14960,1247094.38,615447.76,631646.62,817.5,100,5,4,8,2025,3,0
2025-08-16,17685,1460335.93,717849.04,742486.89,817.5,100,5,5,8,2025,3,1
2025-08-17,18189,1448491.52,715194.79,733296.73,817.5,100,5,6,8,2025,3,1
2025-08-18,11694,907532.8,449248.75,458284.05,817.5,100,5,0,8,2025,3,0
2025-08-19,11464,928185.3,457578.36,470606.94,817.5,100,5,1,8,2025,3,0
2025-08-20,11608,947882.94,467300.99,480581.95,817.5,100,5,2,8,2025,3,0
2025-08-21,11446,939974.72,462819.9,477154.82,817.5,100,5,3,8,2025,3,0
2025-08-22,15371,1252329.06,616771.75,635557.31,817.5,100,5,4,8,2025,3,0
2025-08-23,18235,1421338.21,699081.57,722256.64,817.5,100,5,5,8,2025,3,1
2025-08-24,17948,1443344.85,710619.09,732725.76,817.5,100,5,6,8,2025,3,1
2025-08-25,11603,930416.58,459179.82,471236.76,817.5,100,5,0,8,2025,3,0
2025-08-26,11313,924628.97,455339.62,469289.35,817.5,100,5,1,8,2025,3,0
2025-08-27,11548,942124.13,464150.84,477973.29,817.5,100,5,2,8,2025,3,0
2025-08-28,11513,950609.34,468763.51,481845.83,817.5,100,5,3,8,2025,3,0
2025-08-29,15133,1261204.26,622009.62,639194.64,817.5,100,5,4,8,2025,3,0
2025-08-30,17788,1471718.51,724946.33,746772.18,817.5,100,5,5,8,2025,3,1
2025-08-31,18085,1468017.65,724468.12,743549.53,817.5,100,5,6,8,2025,3,1
2025-09-01,12251,980585.03,483832.86,496752.17,817.5,100,5,0,9,2025,3,0
2025-09-02,11934,973806.54,480368.62,493437.92,817.5,100,5,1,9,2025,3,0
2025-09-03,12135,986841.11,487559.0,499282.11,817.5,100,5,2,9,2025,3,0
2025-09-04,12047,974766.3,480371.6,494394.7,817.5,100,5,3,9,2025,3,0
2025-09-05,16068,1311542.95,647900.2,663642.75,817.5,100,5,4,9,2025,3,0
2025-09-06,19226,1533612.49,756517.97,777094.52,817.5,100,5,5,9,2025,3,1
2025-09-07,18832,1528316.05,754382.85,773933.2,817.5,100,5,6,9,2025,3,1
2025-09-08,12069,998814.01,492124.28,506689.73,817.5,100,5,0,9,2025,3,0
2025-09-09,12132,981914.32,484956.21,496958.11,817.5,100,5,1,9,2025,3,0
2025-09-10,12158,1005326.72,496703.49,508623.23,817.5,100,5,2,9,2025,3,0
2025-09-11,9675,686718.6,339036.75,347681.85,0.0,100,5,3,9,2025,3,0
2025-09-12,13534,931116.15,460785.45,470330.7,0.0,100,5,4,9,2025,3,0
2025-09-13,15534,1095983.35,541337.0,554646.35,0.0,100,5,5,9,2025,3,1
2025-09-14,15417,1084626.73,536169.72,548457.01,0.0,100,5,6,9,2025,3,1
2025-09-15,9784,680321.96,335665.76,344656.2,0.0,100,5,0,9,2025,3,0
2025-09-16,9954,676550.4,334425.92,342124.48,0.0,100,5,1,9,2025,3,0
2025-09-17,9829,686776.25,339420.26,347355.99,0.0,100,5,2,9,2025,3,0
2025-09-18,10023,669335.14,330969.43,338365.71,0.0,100,5,3,9,2025,3,0
2025-09-19,13208,930086.61,460418.32,469668.29,0.0,100,5,4,9,2025,3,0
2025-09-20,15520,1085366.97,536059.7,549307.27,0.0,100,5,5,9,2025,3,1
2025-09-21,15966,1083641.44,534218.99,549422.45,0.0,100,5,6,9,2025,3,1
2025-09-22,10038,671818.1,331359.28,340458.82,0.0,100,5,0,9,2025,3,0
2025-09-23,9762,666127.1,329185.75,336941.35,0.0,100,5,1,9,2025,3,0
2025-09-24,9871,703034.88,346991.02999999997,356043.85,0.0,100,5,2,9,2025,3,0
2025-09-25,10182,706345.37,348704.32,357641.05,0.0,100,5,3,9,2025,3,0
2025-09-26,13351,903777.4400000001,445528.52,458248.92,0.0,100,5,4,9,2025,3,0
2025-09-27,15796,1066987.38,526220.29,540767.09,0.0,100,5,5,9,2025,3,1
2025-09-28,15960,1082377.13,535713.0,546664.13,0.0,100,5,6,9,2025,3,1
2025-09-29,9988,693833.86,342307.58,351526.28,0.0,100,5,0,9,2025,3,0
2025-09-30,9797,692017.6,341993.46,350024.14,0.0,100,5,1,9,2025,3,0
2025-10-01,10882,753760.21,374055.97000000003,379704.24,0.0,100,5,2,10,2025,4,0
2025-10-02,10542,734110.09,363578.37,370531.72,0.0,100,5,3,10,2025,4,0
2025-10-03,13740,981159.09,487167.58,493991.51,0.0,100,5,4,10,2025,4,0
2025-10-04,16961,1156414.66,573911.09,582503.57,0.0,100,5,5,10,2025,4,1
2025-10-05,16829,1153641.1,572871.13,580769.97,0.0,100,5,6,10,2025,4,1
2025-10-06,10558,740141.18,366850.07,373291.11,0.0,100,5,0,10,2025,4,0
2025-10-07,10564,748905.63,371566.04,377339.59,0.0,100,5,1,10,2025,4,0
2025-10-08,10821,737000.26,366344.38,370655.88,0.0,100,5,2,10,2025,4,0
2025-10-09,10897,727171.6,361847.01,365324.59,0.0,100,5,3,10,2025,4,0
2025-10-10,14207,987013.63,489245.57,497768.06,0.0,100,5,4,10,2025,4,0
2025-10-11,16794,1114491.67,554956.66,559535.01,0.0,100,5,5,10,2025,4,1
2025-10-12,16633,1166760.12,579634.86,587125.26,0.0,100,5,6,10,2025,4,1
2025-10-13,10705,725391.86,359731.27,365660.59,0.0,100,5,0,10,2025,4,0
2025-10-14,10652,737520.03,365894.52,371625.51,0.0,100,5,1,10,2025,4,0
2025-10-15,10687,724560.71,359256.37,365304.34,0.0,100,5,2,10,2025,4,0
2025-10-16,10479,734234.88,364087.6,370147.28,0.0,100,5,3,10,2025,4,0
2025-10-17,14206,981147.07,485793.76,495353.31,0.0,100,5,4,10,2025,4,0
2025-10-18,16419,1143908.58,567856.0,576052.58,0.0,100,5,5,10,2025,4,1
2025-10-19,16875,1131275.16,561093.38,570181.78,0.0,100,5,6,10,2025,4,1
2025-10-20,10828,749642.95,372514.42,377128.52999999997,0.0,100,5,0,10,2025,4,0
2025-10-21,11109,760809.14,377160.37,383648.77,0.0,100,5,1,10,2025,4,0
2025-10-22,10934,757254.27,375061.15,382193.12,0.0,100,5,2,10,2025,4,0
2025-10-23,10714,737713.68,365942.74,371770.94,0.0,100,5,3,10,2025,4,0
2025-10-24,14142,989217.77,490246.33,498971.44,0.0,100,5,4,10,2025,4,0
2025-10-25,16769,1156115.68,573456.22,582659.46,0.0,100,5,5,10,2025,4,1
2025-10-26,16750,1157460.04,573775.93,583684.11,0.0,100,5,6,10,2025,4,1
2025-10-27,10566,742931.89,368161.96,374769.93,0.0,100,5,0,10,2025,4,0
2025-10-28,10586,739498.18,365389.95,374108.23,0.0,100,5,1,10,2025,4,0
2025-10-29,10929,750531.8099999999,371986.82,378544.99,0.0,100,5,2,10,2025,4,0
2025-10-30,10723,752841.0599999999,373498.18,379342.88,0.0,100,5,3,10,2025,4,0
2025-10-31,14300,983099.54,487108.83,495990.71,0.0,100,5,4,10,2025,4,0
2025-11-01,19690,1653155.56,818382.83,834772.73,0.0,100,5,5,11,2025,4,1
2025-11-02,19505,1621485.41,803693.29,817792.12,0.0,100,5,6,11,2025,4,1
2025-11-03,12647,1048931.0,519325.71,529605.29,0.0,100,5,0,11,2025,4,0
2025-11-04,12515,1024949.35,507498.79,517450.56,0.0,100,5,1,11,2025,4,0
2025-11-05,12736,1036433.86,513530.93,522902.93,0.0,100,5,2,11,2025,4,0
2025-11-06,12885,1054869.63,523346.8,531522.83,0.0,100,5,3,11,2025,4,0
2025-11-07,17096,1390904.06,690145.13,700758.93,0.0,100,5,4,11,2025,4,0
2025-11-08,19844,1609791.75,797501.41,812290.34,0.0,100,5,5,11,2025,4,1
2025-11-09,19297,1602398.58,794342.52,808056.0599999999,0.0,100,5,6,11,2025,4,1
2025-11-10,12864,1036302.51,513843.65,522458.86,0.0,100,5,0,11,2025,4,0
2025-11-11,12482,1054279.68,522228.68,532051.0,0.0,100,5,1,11,2025,4,0
2025-11-12,12798,1058104.16,523841.02999999997,534263.13,0.0,100,5,2,11,2025,4,0
2025-11-13,12624,1055385.55,523216.97000000003,532168.58,0.0,100,5,3,11,2025,4,0
2025-11-14,17027,1415260.96,700912.68,714348.28,0.0,100,5,4,11,2025,4,0
2025-11-15,19929,1626394.25,804521.12,821873.13,0.0,100,5,5,11,2025,4,1
2025-11-16,19928,1646860.95,814308.0,832552.95,0.0,100,5,6,11,2025,4,1
2025-11-17,12903,1077147.41,533411.82,543735.59,0.0,100,5,0,11,2025,4,0
2025-11-18,12829,1050407.14,520790.56,529616.58,0.0,100,5,1,11,2025,4,0
2025-11-19,12402,1040059.91,514833.98,525225.93,0.0,100,5,2,11,2025,4,0
2025-11-20,12522,1011958.36,500651.14,511307.22,0.0,100,5,3,11,2025,4,0
2025-11-21,16928,1407184.11,697766.92,709417.19,0.0,100,5,4,11,2025,4,0
2025-11-22,19297,1611502.01,799456.79,812045.22,0.0,100,5,5,11,2025,4,1
2025-11-23,20022,1641752.29,813460.54,828291.75,0.0,100,5,6,11,2025,4,1
2025-11-24,12605,1042996.25,516083.27999999997,526912.97,0.0,100,5,0,11,2025,4,0
2025-11-25,12771,1030644.49,511419.35,519225.14,0.0,100,5,1,11,2025,4,0
2025-11-26,12660,1040468.85,515681.84,524787.01,0.0,100,5,2,11,2025,4,0
2025-11-27,12222,1048644.09,519169.61,529474.48,0.0,100,5,3,11,2025,4,0
2025-11-28,36182,4159062.43,2054042.69,2105019.74,17888.5,100,5,4,11,2025,4,0
2025-11-29,42141,4870564.86,2413653.42,2456911.44,17888.5,100,5,5,11,2025,4,1
2025-11-30,43244,5040066.38,2495660.6,2544405.78,17888.5,100,5,6,11,2025,4,1
2025-12-01,33353,5563704.35,2732395.29,2831309.06,35777.5,100,5,0,12,2025,4,0
2025-12-02,14966,1804434.46,890144.22,914290.24,23000.0,100,5,1,12,2025,4,0
2025-12-03,13524,1102902.85,548234.83,554668.02,0.0,100,5,2,12,2025,4,0
2025-12-04,13769,1132530.45,562531.61,569998.84,0.0,100,5,3,12,2025,4,0
2025-12-05,18187,1478217.11,734884.56,743332.55,0.0,100,5,4,12,2025,4,0
2025-12-06,21044,1707743.72,850897.4,856846.32,0.0,100,5,5,12,2025,4,1
2025-12-07,21155,1707599.78,848594.59,859005.19,0.0,100,5,6,12,2025,4,1
2025-12-08,13657,1097564.11,545791.87,551772.24,0.0,100,5,0,12,2025,4,0
2025-12-09,13679,1113238.51,552907.93,560330.58,0.0,100,5,1,12,2025,4,0
2025-12-10,25357,2525054.73,1257263.69,1267791.04,2800.0,100,5,2,12,2025,4,0
2025-12-11,25120,2587713.8,1288725.54,1298988.26,2800.0,100,5,3,12,2025,4,0
2025-12-12,32966,3296445.01,1643612.54,1652832.47,2800.0,100,5,4,12,2025,4,0
2025-12-13,38739,3869777.07,1925338.82,1944438.25,2800.0,100,5,5,12,2025,4,1
2025-12-14,39327,3872417.78,1928077.22,1944340.56,2800.0,100,5,6,12,2025,4,1
2025-12-15,24737,2521530.33,1257279.49,1264250.84,2800.0,100,5,0,12,2025,4,0
2025-12-16,25231,2548316.53,1267547.37,1280769.16,2800.0,100,5,1,12,2025,4,0
2025-12-17,25621,2610131.12,1300413.79,1309717.33,2800.0,100,5,2,12,2025,4,0
2025-12-18,25266,2528620.47,1258767.43,1269853.04,2800.0,100,5,3,12,2025,4,0
2025-12-19,33803,3416841.04,1697442.64,1719398.4,2800.0,100,5,4,12,2025,4,0
2025-12-20,38384,3821742.79,1908254.1,1913488.69,2800.0,100,5,5,12,2025,4,1
2025-12-21,39182,3943078.44,1966279.11,1976799.33,2800.0,100,5,6,12,2025,4,1
2025-12-22,24994,2570679.0100000002,1280786.48,1289892.53,2800.0,100,5,0,12,2025,4,0
2025-12-23,25158,2534521.77,1262423.43,1272098.34,2800.0,100,5,1,12,2025,4,0
2025-12-24,24952,2527029.89,1258038.54,1268991.35,2800.0,100,5,2,12,2025,4,0
2025-12-25,25017,2483331.4,1238719.52,1244611.88,2800.0,100,5,3,12,2025,4,0
2025-12-26,18307,1482048.71,735888.42,746160.29,0.0,100,5,4,12,2025,4,0
2025-12-27,20966,1715149.08,851818.91,863330.17,0.0,100,5,5,12,2025,4,1
2025-12-28,21827,1730843.16,860226.18,870616.98,0.0,100,5,6,12,2025,4,1
2025-12-29,13914,1121558.54,557527.46,564031.08,0.0,100,5,0,12,2025,4,0
2025-12-30,13521,1101691.03,548063.93,553627.1,0.0,100,5,1,12,2025,4,0
2025-12-31,13534,1098036.51,547113.03,550923.48,0.0,100,5,2,12,2025,4,0
