sale_date,total_revenue,ma_7day,ma_30day,deviation_from_30day_avg
2023-01-01,1133417.94,1133418.0,1133418.0,0.0
2023-01-02,698894.69,916156.0,916156.0,-217262.0
2023-01-03,713164.86,848492.0,848492.0,-135328.0
2023-01-04,700771.7,811562.0,811562.0,-110791.0
2023-01-05,720935.33,793437.0,793437.0,-72502.0
2023-01-06,941099.22,818047.0,818047.0,123052.0
2023-01-07,1083316.15,855943.0,855943.0,227373.0
2023-01-08,1100131.59,851188.0,886466.0,213665.0
2023-01-09,711756.15,853025.0,867054.0,-155298.0
2023-01-10,703350.47,851623.0,850684.0,-147333.0
2023-01-11,711812.89,853200.0,838059.0,-126246.0
2023-01-12,703804.62,850753.0,826871.0,-123067.0
2023-01-13,951520.2,852242.0,836460.0,115061.0
2023-01-14,1102734.76,855016.0,855479.0,247255.0
2023-01-15,1104377.4,855622.0,872073.0,232305.0
2023-01-16,629898.73,843928.0,856937.0,-227038.0
2023-01-17,647896.38,836006.0,844640.0,-196744.0
2023-01-18,644189.66,826346.0,833504.0,-189314.0
2023-01-19,663343.75,820566.0,824548.0,-161204.0
2023-01-20,867312.6,808536.0,826686.0,40626.0
2023-01-21,976054.32,790439.0,833799.0,142255.0
2023-01-22,1008928.76,776803.0,841760.0,167169.0
2023-01-23,645105.0,778976.0,833209.0,-188104.0
2023-01-24,654856.93,779970.0,825778.0,-170921.0
2023-01-25,647477.72,780440.0,818646.0,-171168.0
2023-01-26,646707.34,778063.0,812033.0,-165326.0
2023-01-27,849624.92,775536.0,813425.0,36200.0
2023-01-28,1002923.42,779375.0,820193.0,182730.0
2023-01-29,1005928.14,778946.0,826598.0,179330.0
2023-01-30,622316.66,775691.0,819788.0,-197472.0
2023-01-31,638586.83,773366.0,803294.0,-164707.0
2023-02-01,643255.67,772763.0,801439.0,-158184.0
2023-02-02,659254.81,774556.0,799642.0,-140388.0
2023-02-03,860411.78,776097.0,804964.0,55448.0
2023-02-04,983917.23,773382.0,813730.0,170187.0
2023-02-05,1013528.28,774467.0,816144.0,197384.0
2023-02-06,645497.24,777779.0,801550.0,-156053.0
2023-02-07,635579.56,777349.0,786065.0,-150486.0
2023-02-08,645178.03,777624.0,783846.0,-138668.0
2023-02-09,640096.73,774887.0,781737.0,-141641.0
2023-02-10,856165.01,774280.0,786549.0,69616.0
2023-02-11,990529.56,775225.0,796107.0,194423.0
2023-02-12,995158.08,772601.0,797561.0,197597.0
2023-02-13,640658.71,771909.0,782159.0,-141500.0
2023-02-14,645632.98,773346.0,766867.0,-121234.0
2023-02-15,623617.34,770265.0,766658.0,-143040.0
2023-02-16,649601.15,771623.0,766715.0,-117113.0
2023-02-17,840792.01,769427.0,773268.0,67524.0
2023-02-18,1000291.27,770822.0,784500.0,215792.0
2023-02-19,1007497.74,772584.0,789172.0,218325.0
2023-02-20,645693.66,773304.0,778160.0,-132467.0
2023-02-21,644198.65,773099.0,766003.0,-121804.0
2023-02-22,640273.43,775478.0,765842.0,-125568.0
2023-02-23,638737.65,773926.0,765304.0,-126567.0
2023-02-24,842806.84,774214.0,771815.0,70991.0
2023-02-25,1028542.18,778250.0,784543.0,243999.0
2023-02-26,1007736.7,778284.0,789814.0,217923.0
2023-02-27,637517.61,777116.0,777633.0,-140116.0
2023-02-28,633863.11,775640.0,765231.0,-131368.0
2023-03-01,749248.92,791208.0,769462.0,-20213.0
2023-03-02,729033.82,804107.0,772477.0,-43443.0
2023-03-03,965977.62,821703.0,783235.0,182743.0
2023-03-04,1139334.56,837530.0,799237.0,340097.0
2023-03-05,1139094.72,856296.0,808527.0,330568.0
2023-03-06,721627.62,868311.0,799784.0,-78156.0
2023-03-07,732990.19,882472.0,790432.0,-57442.0
2023-03-08,723992.26,878864.0,793049.0,-69057.0
2023-03-09,721589.5,877801.0,795916.0,-74326.0
2023-03-10,969452.94,878297.0,806725.0,162728.0
2023-03-11,1149758.69,879787.0,823714.0,326045.0
2023-03-12,1122606.32,877431.0,832595.0,290011.0
2023-03-13,723208.52,877657.0,823684.0,-100476.0
2023-03-14,720982.94,875942.0,814545.0,-93562.0
2023-03-15,732041.65,877092.0,817591.0,-85550.0
2023-03-16,728053.8,878015.0,820339.0,-92285.0
2023-03-17,959361.79,876573.0,831530.0,127832.0
2023-03-18,1124334.48,872941.0,847355.0,276980.0
2023-03-19,1160414.56,878343.0,858009.0,302406.0
2023-03-20,737646.56,880405.0,849254.0,-111607.0
2023-03-21,702681.7,877791.0,839093.0,-136412.0
2023-03-22,982348.36,913549.0,850315.0,132033.0
2023-03-23,987207.05,950571.0,861749.0,125458.0
2023-03-24,1272394.81,995290.0,882820.0,389575.0
2023-03-25,1526497.32,1052741.0,912412.0,614086.0
2023-03-26,1514232.39,1103287.0,934792.0,579440.0
2023-03-27,976074.28,1137348.0,933043.0,43031.0
2023-03-28,984770.61,1177646.0,932278.0,52493.0
2023-03-29,988814.31,1178570.0,943988.0,44826.0
2023-03-30,957492.96,1174325.0,954776.0,2717.0
2023-03-31,1303855.54,1178820.0,973262.0,330593.0
2023-04-01,1536689.13,1180276.0,1000184.0,536505.0
2023-04-02,1542578.52,1184325.0,1019404.0,523174.0
2023-04-03,987921.98,1186018.0,1014357.0,-26435.0
2023-04-04,976500.07,1184836.0,1008937.0,-32437.0
2023-04-05,961009.71,1180864.0,1016917.0,-55907.0
2023-04-06,981392.72,1184278.0,1025197.0,-43804.0
2023-04-07,1304471.19,1184366.0,1044546.0,259925.0
2023-04-08,1520687.97,1182080.0,1071183.0,449505.0
2023-04-09,1563143.3,1185018.0,1090972.0,472171.0
2023-04-10,986921.97,1184875.0,1085545.0,-98623.0
2023-04-11,977362.66,1184999.0,1080703.0,-103340.0
2023-04-12,1002191.18,1190882.0,1090003.0,-87811.0
2023-04-13,980771.02,1190793.0,1098662.0,-117891.0
2023-04-14,1280773.47,1187407.0,1116953.0,163820.0
2023-04-15,1514365.15,1186504.0,1143164.0,371202.0
2023-04-16,1507560.24,1178564.0,1161437.0,346123.0
2023-04-17,966467.16,1175642.0,1156175.0,-189707.0
2023-04-18,988586.77,1177245.0,1150447.0,-161860.0
2023-04-19,995855.63,1176340.0,1159054.0,-163198.0
2023-04-20,975407.99,1175574.0,1168145.0,-192737.0
2023-04-21,2278702.11,1318135.0,1211357.0,1067345.0
2023-04-22,1995480.9,1386866.0,1244966.0,750515.0
2023-04-23,2000632.36,1457305.0,1269240.0,731392.0
2023-04-24,1272410.7,1501011.0,1260771.0,11640.0
2023-04-25,1278246.59,1542391.0,1252905.0,25342.0
2023-04-26,1268414.94,1581328.0,1262649.0,5766.0
2023-04-27,1296943.31,1627262.0,1273055.0,23888.0
2023-04-28,1687610.2,1542820.0,1296348.0,391262.0
2023-04-29,1148652.26,1421844.0,1302720.0,-154068.0
2023-04-30,1165614.28,1302556.0,1298112.0,-132498.0
2023-05-01,682655.16,1218305.0,1269644.0,-586989.0
2023-05-02,678805.57,1132671.0,1240852.0,-562046.0
2023-05-03,686899.56,1049597.0,1230818.0,-543918.0
2023-05-04,715091.13,966475.0,1222104.0,-507013.0
2023-05-05,923474.12,857313.0,1220853.0,-297379.0
2023-05-06,1100303.07,850406.0,1224817.0,-124514.0
2023-05-07,1087346.0,839225.0,1217579.0,-130233.0
2023-05-08,692126.5,840578.0,1189961.0,-497834.0
2023-05-09,705279.47,844360.0,1161365.0,-456086.0
2023-05-10,679310.42,843276.0,1151111.0,-471801.0
2023-05-11,684420.44,838894.0,1141347.0,-456926.0
2023-05-12,902144.2,835847.0,1138012.0,-235867.0
2023-05-13,1079867.69,832928.0,1141315.0,-61447.0
2023-05-14,1052876.12,828004.0,1133718.0,-80842.0
2023-05-15,679829.11,826247.0,1105900.0,-426071.0
2023-05-16,693577.56,824575.0,1078768.0,-385190.0
2023-05-17,685874.63,825513.0,1069415.0,-383540.0
2023-05-18,699986.99,827737.0,1059795.0,-359808.0
2023-05-19,922204.62,830602.0,1057340.0,-135135.0
2023-05-20,1096494.7,832978.0,1061376.0,35119.0
2023-05-21,1066637.49,834944.0,1020974.0,45664.0
2023-05-22,697476.89,837465.0,977707.0,-280230.0
2023-05-23,707124.05,839400.0,934590.0,-227466.0
2023-05-24,700284.02,841458.0,915519.0,-215235.0
2023-05-25,689011.07,839890.0,895878.0,-206867.0
2023-05-26,930640.56,841096.0,884619.0,46022.0
2023-05-27,1063563.52,836391.0,876839.0,186724.0
2023-05-28,1085969.0,839153.0,856785.0,229184.0
2023-05-29,695281.52,838839.0,841672.0,-146391.0
2023-05-30,686400.99,835879.0,825699.0,-139298.0
2023-05-31,697941.54,835544.0,826208.0,-128267.0
2023-06-01,677487.92,833898.0,826164.0,-148676.0
2023-06-02,923014.7,832808.0,834035.0,88980.0
2023-06-03,1082724.98,835546.0,846289.0,236436.0
2023-06-04,1077452.43,834329.0,851422.0,226031.0
2023-06-05,673387.37,831201.0,837191.0,-163804.0
2023-06-06,668392.14,828629.0,823226.0,-154834.0
2023-06-07,684623.24,826726.0,822976.0,-138353.0
2023-06-08,705192.08,830684.0,822973.0,-117781.0
2023-06-09,949862.12,834519.0,831991.0,117871.0
2023-06-10,1098107.88,836717.0,845781.0,252327.0
2023-06-11,1082047.83,837373.0,851778.0,230270.0
2023-06-12,682957.44,838740.0,838547.0,-155590.0
2023-06-13,689670.1,841780.0,826441.0,-136771.0
2023-06-14,685308.5,841878.0,826623.0,-141315.0
2023-06-15,838626.94,860940.0,831458.0,7169.0
2023-06-16,1117774.89,884928.0,845855.0,271920.0
2023-06-17,1281379.94,911109.0,865235.0,416145.0
2023-06-18,1312926.68,944092.0,878259.0,434668.0
2023-06-19,821426.88,963873.0,869090.0,-47663.0
2023-06-20,830340.89,983969.0,861213.0,-30872.0
2023-06-21,842143.17,1006374.0,866035.0,-23892.0
2023-06-22,824013.59,1004287.0,869932.0,-45918.0
2023-06-23,1059660.15,995984.0,881911.0,177749.0
2023-06-24,1292333.43,997549.0,902022.0,390312.0
2023-06-25,1267277.96,991028.0,913243.0,354035.0
2023-06-26,821280.39,991007.0,905167.0,-83886.0
2023-06-27,816354.83,989009.0,896180.0,-79825.0
2023-06-28,823003.63,986275.0,900437.0,-77434.0
2023-06-29,845774.49,989384.0,905750.0,-59975.0
2023-06-30,1112831.77,996980.0,919579.0,193252.0
2023-07-01,1217897.71,986346.0,937593.0,280305.0
2023-07-02,1206820.92,977709.0,947053.0,259768.0
2023-07-03,787706.79,972913.0,937219.0,-149512.0
2023-07-04,785997.36,968576.0,927504.0,-141507.0
2023-07-05,766365.49,960485.0,930603.0,-164238.0
2023-07-06,766359.01,949140.0,933869.0,-167510.0
2023-07-07,1063262.32,942059.0,946490.0,116772.0
2023-07-08,1224234.09,942964.0,963792.0,260443.0
2023-07-09,1213132.2,943865.0,972567.0,240565.0
2023-07-10,782157.08,943073.0,962036.0,-179878.0
2023-07-11,787323.42,943262.0,952211.0,-164888.0
2023-07-12,778862.12,945047.0,955408.0,-176546.0
2023-07-13,776075.41,946435.0,958288.0,-182213.0
2023-07-14,1036389.27,942596.0,969991.0,66398.0
2023-07-15,1222376.41,942331.0,982783.0,239594.0
2023-07-16,1024173.91,915337.0,979663.0,44511.0
2023-07-17,662465.45,898238.0,959032.0,-296567.0
2023-07-18,645399.66,877963.0,936781.0,-291382.0
2023-07-19,644261.55,858735.0,930876.0,-286614.0
2023-07-20,669410.0,843497.0,925511.0,-256101.0
2023-07-21,872364.28,820064.0,926519.0,-54155.0
2023-07-22,1008762.13,789548.0,932677.0,76085.0
2023-07-23,1025863.89,789790.0,931551.0,94313.0
2023-07-24,675617.71,791668.0,910993.0,-235376.0
2023-07-25,649975.46,792322.0,890417.0,-240441.0
2023-07-26,669833.82,795975.0,885368.0,-215535.0
2023-07-27,658377.73,794399.0,880103.0,-221725.0
2023-07-28,893056.37,797355.0,882438.0,10619.0
2023-07-29,1035228.5,801136.0,888753.0,146476.0
2023-07-30,1028964.14,801579.0,885957.0,143007.0
2023-07-31,650049.12,797926.0,867029.0,-216980.0
2023-08-01,647254.87,797538.0,848377.0,-201122.0
2023-08-02,669339.13,797467.0,844431.0,-175092.0
2023-08-03,649395.15,796184.0,839878.0,-190483.0
2023-08-04,879314.77,794221.0,843643.0,35672.0
2023-08-05,1023882.13,792600.0,852227.0,171655.0
2023-08-06,1002685.32,788846.0,850208.0,152478.0
2023-08-07,654138.62,789430.0,831204.0,-177066.0
2023-08-08,665202.42,791994.0,812940.0,-147738.0
2023-08-09,658518.25,790448.0,808819.0,-150300.0
2023-08-10,665642.34,792769.0,804763.0,-139120.0
2023-08-11,902134.91,796029.0,808872.0,93263.0
2023-08-12,994666.02,791855.0,816158.0,178508.0
2023-08-13,1035077.82,796483.0,816114.0,218963.0
2023-08-14,652145.19,796198.0,797107.0,-144961.0
2023-08-15,880276.23,826923.0,792310.0,87966.0
2023-08-16,862406.17,856050.0,798975.0,63431.0
2023-08-17,878502.2,886458.0,806745.0,71757.0
2023-08-18,1190174.64,927607.0,824942.0,365233.0
2023-08-19,1348905.04,978212.0,847592.0,501313.0
2023-08-20,1395747.26,1029737.0,865038.0,530709.0
2023-08-21,904645.87,1065808.0,861567.0,43079.0
2023-08-22,894212.92,1067799.0,857179.0,37034.0
2023-08-23,907580.79,1074253.0,864911.0,42670.0
2023-08-24,875542.94,1073830.0,872430.0,3113.0
2023-08-25,1184862.49,1073071.0,889598.0,295265.0
2023-08-26,1381271.27,1077695.0,913694.0,467577.0
2023-08-27,1352038.41,1071451.0,928993.0,423045.0
2023-08-28,881580.61,1068156.0,923872.0,-42291.0
2023-08-29,914540.44,1071060.0,920058.0,-5517.0
2023-08-30,879160.6,1067000.0,927695.0,-48534.0
2023-08-31,882417.57,1067982.0,935534.0,-53116.0
2023-09-01,1231620.99,1074661.0,954276.0,277345.0
2023-09-02,1429360.49,1081531.0,980275.0,449085.0
2023-09-03,1460734.67,1097059.0,999656.0,461079.0
2023-09-04,933421.7,1104465.0,996640.0,-63219.0
2023-09-05,951895.19,1109802.0,994947.0,-43052.0
2023-09-06,944427.2,1119125.0,1004624.0,-60197.0
2023-09-07,921176.95,1124662.0,1013156.0,-91979.0
2023-09-08,1263959.88,1129282.0,1033338.0,230622.0
2023-09-09,1421420.84,1128148.0,1058530.0,362891.0
2023-09-10,1464908.6,1128744.0,1077289.0,387619.0
2023-09-11,687873.22,1093666.0,1067063.0,-379190.0
2023-09-12,699466.5,1057605.0,1055876.0,-356409.0
2023-09-13,693434.19,1021749.0,1057252.0,-363818.0
2023-09-14,682879.92,987706.0,1050672.0,-367792.0
2023-09-15,914042.36,937718.0,1052394.0,-138351.0
2023-09-16,1074934.95,888220.0,1058941.0,15994.0
2023-09-17,1066038.09,831238.0,1054803.0,11235.0
2023-09-18,694234.49,832147.0,1032981.0,-338747.0
2023-09-19,687131.53,830385.0,1009361.0,-322229.0
2023-09-20,690710.65,829996.0,1002229.0,-311519.0
2023-09-21,697639.2,832104.0,995677.0,-298038.0
2023-09-22,925509.2,833743.0,996275.0,-70765.0
2023-09-23,1089259.88,835789.0,1003398.0,85861.0
2023-09-24,1049474.61,833423.0,998885.0,50589.0
2023-09-25,687412.42,832448.0,975757.0,-288344.0
2023-09-26,696617.7,833803.0,953909.0,-257292.0
2023-09-27,687272.78,833312.0,947433.0,-260160.0
2023-09-28,694334.66,832840.0,940092.0,-245758.0
2023-09-29,917105.69,831640.0,941357.0,-24252.0
2023-09-30,1071917.15,829162.0,947674.0,124243.0
2023-10-01,1146266.8,842990.0,944829.0,201438.0
2023-10-02,756689.57,852886.0,922406.0,-165717.0
2023-10-03,735336.67,858418.0,898226.0,-162890.0
2023-10-04,758512.44,868595.0,892396.0,-133884.0
2023-10-05,745679.97,875930.0,885522.0,-139842.0
2023-10-06,996241.71,887235.0,887249.0,108992.0
2023-10-07,1128976.26,895386.0,894176.0,234800.0
2023-10-08,1168184.49,898517.0,890984.0,277201.0
2023-10-09,741815.08,896392.0,868330.0,-126515.0
2023-10-10,732837.19,896035.0,843928.0,-111090.0
2023-10-11,728482.01,891745.0,845281.0,-116799.0
2023-10-12,726558.63,889014.0,846184.0,-119626.0
2023-10-13,991941.88,888399.0,856135.0,135807.0
2023-10-14,1136126.22,889421.0,871243.0,264883.0
2023-10-15,1174157.59,890274.0,879913.0,294244.0
2023-10-16,745990.51,890871.0,868949.0,-122958.0
2023-10-17,752182.98,893634.0,858487.0,-106304.0
2023-10-18,744990.22,895993.0,860179.0,-115188.0
2023-10-19,744443.34,898548.0,862089.0,-117646.0
2023-10-20,1001505.54,899914.0,872449.0,129057.0
2023-10-21,1156268.23,902791.0,887736.0,268532.0
2023-10-22,1156807.56,900313.0,895446.0,261361.0
2023-10-23,738261.55,899208.0,883746.0,-145485.0
2023-10-24,759185.69,900209.0,874070.0,-114884.0
2023-10-25,739187.41,899380.0,875796.0,-136609.0
2023-10-26,736094.81,898187.0,877112.0,-141017.0
2023-10-27,972838.23,894092.0,886631.0,86208.0
2023-10-28,1155247.11,893946.0,901994.0,253253.0
2023-10-29,1173599.23,896345.0,910544.0,263055.0
2023-10-30,761553.01,899672.0,900199.0,-138646.0
2023-10-31,742987.23,897358.0,886756.0,-143769.0
2023-11-01,1013238.11,936508.0,895308.0,117930.0
2023-11-02,1044301.92,980538.0,905607.0,138695.0
2023-11-03,1375407.7,1038048.0,926170.0,449238.0
2023-11-04,1635576.9,1106666.0,955833.0,679744.0
2023-11-05,1601447.81,1167788.0,976006.0,625441.0
2023-11-06,1041217.74,1207740.0,973081.0,68137.0
2023-11-07,1016080.43,1246753.0,968011.0,48069.0
2023-11-08,1047190.91,1251603.0,978190.0,69001.0
2023-11-09,1072606.64,1255647.0,989516.0,83091.0
2023-11-10,1391603.5,1257961.0,1011620.0,379984.0
2023-11-11,1627350.04,1256785.0,1041646.0,585704.0
2023-11-12,1637281.7,1261904.0,1063158.0,574124.0
2023-11-13,1025206.97,1259617.0,1059460.0,-34253.0
2023-11-14,1036708.84,1262564.0,1054879.0,-18170.0
2023-11-15,1024731.34,1259356.0,1064170.0,-39439.0
2023-11-16,1052325.68,1256458.0,1074175.0,-21849.0
2023-11-17,1384911.7,1255502.0,1095506.0,289406.0
2023-11-18,1626392.57,1255366.0,1124904.0,501489.0
2023-11-19,1653910.61,1257741.0,1146651.0,507260.0
2023-11-20,1046417.54,1260771.0,1142989.0,-96571.0
2023-11-21,1049396.64,1262584.0,1139409.0,-90012.0
2023-11-22,1056573.44,1267133.0,1150019.0,-93446.0
2023-11-23,1032212.74,1264259.0,1159120.0,-126907.0
2023-11-24,3845702.54,1615801.0,1262670.0,2583032.0
2023-11-25,4457216.55,2020204.0,1386708.0,3070509.0
2023-11-26,4326387.63,2401987.0,1498493.0,2827895.0
2023-11-27,4636323.71,2914830.0,1614529.0,3021795.0
2023-11-28,1658327.0,3001821.0,1630686.0,27641.0
2023-11-29,1028244.01,2997773.0,1639576.0,-611332.0
2023-11-30,1035637.27,2998263.0,1649331.0,-613694.0
2023-12-01,1448445.58,2655797.0,1663838.0,-215392.0
2023-12-02,1706132.17,2262785.0,1685899.0,20233.0
2023-12-03,1732637.41,1892250.0,1697807.0,34831.0
2023-12-04,1097829.85,1386750.0,1679882.0,-582052.0
2023-12-05,1089527.36,1305493.0,1662818.0,-573290.0
2023-12-06,1081140.26,1313050.0,1664148.0,-583008.0
2023-12-07,1108644.97,1323480.0,1667234.0,-558589.0
2023-12-08,1477272.16,1327598.0,1681570.0,-204298.0
2023-12-09,1715565.62,1328945.0,1703002.0,12564.0
2023-12-10,3600566.39,1595792.0,1776634.0,1823932.0
2023-12-11,2367261.81,1777140.0,1801298.0,565964.0
2023-12-12,2267572.17,1945432.0,1822307.0,445265.0
2023-12-13,2328896.72,2123683.0,1865764.0,463133.0
2023-12-14,2311624.19,2295537.0,1908261.0,403363.0
2023-12-15,3114212.08,2529386.0,1977910.0,1136302.0
2023-12-16,3684857.57,2810713.0,2065661.0,1619196.0
2023-12-17,3655387.72,2818545.0,2141344.0,1514044.0
2023-12-18,2310328.06,2810411.0,2164142.0,146186.0
2023-12-19,2309554.77,2816409.0,2185997.0,123558.0
2023-12-20,2343687.12,2818522.0,2229239.0,114448.0
2023-12-21,2344651.41,2823240.0,2272414.0,72237.0
2023-12-22,3097567.42,2820862.0,2340447.0,757120.0
2023-12-23,3666959.78,2818305.0,2428272.0,1238688.0
2023-12-24,3663118.22,2819410.0,2422186.0,1240932.0
2023-12-25,2341923.16,2823923.0,2351676.0,-9753.0
2023-12-26,1113748.72,2653094.0,2244588.0,-1130839.0
2023-12-27,1100909.34,2475554.0,2126741.0,-1025832.0
2023-12-28,1087981.04,2296030.0,2107729.0,-1019748.0
2023-12-29,1464228.38,2062696.0,2122262.0,-658034.0
2023-12-30,1722042.19,1784850.0,2145142.0,-423100.0
2023-12-31,1707128.69,1505423.0,2153765.0,-446637.0
2024-01-01,740475.8,1276645.0,2121577.0,-1381101.0
2024-01-02,744848.14,1223945.0,2088650.0,-1343802.0
2024-01-03,748970.33,1173668.0,2077022.0,-1328051.0
2024-01-04,733370.36,1123009.0,2065150.0,-1331779.0
2024-01-05,971750.01,1052655.0,2061503.0,-1089753.0
2024-01-06,1139869.6,969488.0,2062544.0,-922675.0
2024-01-07,1162519.6,891686.0,2052053.0,-889533.0
2024-01-08,750617.6,893135.0,2019888.0,-1269270.0
2024-01-09,732942.85,891434.0,1924300.0,-1191357.0
2024-01-10,729618.63,888670.0,1869712.0,-1140093.0
2024-01-11,752238.17,891365.0,1819201.0,-1066963.0
2024-01-12,995414.59,894746.0,1774752.0,-779337.0
2024-01-13,1159500.56,897550.0,1736347.0,-576847.0
2024-01-14,1146677.09,895287.0,1670763.0,-524086.0
2024-01-15,756562.45,896136.0,1573153.0,-816591.0
2024-01-16,626137.82,880878.0,1472178.0,-846040.0
2024-01-17,633914.69,867206.0,1416298.0,-782383.0
2024-01-18,622388.25,848656.0,1360059.0,-737670.0
2024-01-19,859027.6,829173.0,1310570.0,-451542.0
2024-01-20,1000474.51,806455.0,1265764.0,-265290.0
2024-01-21,974651.46,781880.0,1195000.0,-220349.0
2024-01-22,624066.49,762952.0,1093571.0,-469504.0
2024-01-23,643187.65,765387.0,992906.0,-349719.0
2024-01-24,635972.5,765681.0,936041.0,-300069.0
2024-01-25,642023.48,768486.0,920317.0,-278294.0
2024-01-26,841720.39,766014.0,911677.0,-69957.0
2024-01-27,999015.67,765805.0,908712.0,90304.0
2024-01-28,1013707.41,771385.0,893694.0,120013.0
2024-01-29,634597.73,772889.0,857446.0,-222849.0
2024-01-30,635042.58,771726.0,821710.0,-186668.0
2024-01-31,629401.11,770787.0,818008.0,-188607.0
2024-02-01,638062.1,770221.0,814448.0,-176386.0
2024-02-02,846934.09,770966.0,817714.0,29221.0
2024-02-03,990288.13,769719.0,826277.0,164011.0
2024-02-04,1009972.45,769185.0,827552.0,182421.0
2024-02-05,633768.26,769067.0,810682.0,-176913.0
2024-02-06,631592.19,768574.0,792984.0,-161392.0
2024-02-07,633894.84,769216.0,789093.0,-155198.0
2024-02-08,636497.81,768993.0,785878.0,-149381.0
2024-02-09,843826.59,768549.0,789685.0,54141.0
2024-02-10,982803.17,767479.0,797371.0,185432.0
2024-02-11,991178.29,764794.0,797230.0,193949.0
2024-02-12,625464.41,763608.0,779428.0,-153964.0
2024-02-13,636288.23,764279.0,762415.0,-126127.0
2024-02-14,636191.11,764607.0,758403.0,-122212.0
2024-02-15,638912.1,764952.0,758829.0,-119917.0
2024-02-16,840245.18,764440.0,765707.0,74539.0
2024-02-17,998217.19,766642.0,778234.0,219983.0
2024-02-18,999273.72,767799.0,782909.0,216365.0
2024-02-19,638332.32,769637.0,770838.0,-132505.0
2024-02-20,641729.22,770414.0,759740.0,-118011.0
2024-02-21,643747.45,771494.0,760396.0,-116649.0
2024-02-22,632938.1,770640.0,760055.0,-127116.0
2024-02-23,848620.27,771837.0,767143.0,81477.0
2024-02-24,989105.96,770535.0,778712.0,210394.0
2024-02-25,983835.75,768330.0,783449.0,200386.0
2024-02-26,637873.18,768264.0,771411.0,-133538.0
2024-02-27,644502.84,768661.0,759105.0,-114602.0
2024-02-28,633250.81,767161.0,759060.0,-125809.0
2024-02-29,636298.51,767641.0,759102.0,-122803.0
2024-03-01,958984.03,783407.0,770088.0,188896.0
2024-03-02,1150047.14,806399.0,787154.0,362893.0
2024-03-03,1160516.55,831639.0,797607.0,362910.0
2024-03-04,743505.9,846729.0,789380.0,-45875.0
2024-03-05,720210.19,857545.0,779722.0,-59512.0
2024-03-06,728258.81,871117.0,782871.0,-54613.0
2024-03-07,723462.71,883569.0,785934.0,-62471.0
2024-03-08,969867.76,885124.0,797133.0,172735.0
2024-03-09,1158108.44,886276.0,814520.0,343589.0
2024-03-10,1151410.2,884975.0,824773.0,326638.0
2024-03-11,1026444.62,925395.0,826227.0,200217.0
2024-03-12,1021139.29,968385.0,827226.0,193913.0
2024-03-13,1031107.72,1011649.0,840748.0,190360.0
2024-03-14,1018291.76,1053767.0,853481.0,164811.0
2024-03-15,1361278.32,1109683.0,877651.0,483628.0
2024-03-16,1582561.21,1170319.0,909106.0,673456.0
2024-03-17,1597813.25,1234091.0,934358.0,663455.0
2024-03-18,1034509.44,1235243.0,935568.0,98942.0
2024-03-19,1018020.11,1234797.0,936192.0,81828.0
2024-03-20,1039334.98,1235973.0,949559.0,89776.0
2024-03-21,1024531.43,1236864.0,962319.0,62212.0
2024-03-22,1334391.33,1233023.0,985341.0,349051.0
2024-03-23,1617106.85,1237958.0,1018146.0,598961.0
2024-03-24,1563570.47,1233066.0,1041978.0,521592.0
2024-03-25,997643.55,1227800.0,1042263.0,-44619.0
2024-03-26,1054783.56,1233052.0,1044627.0,10156.0
2024-03-27,1012366.0,1229199.0,1057111.0,-44745.0
2024-03-28,1019450.14,1228473.0,1069609.0,-50159.0
2024-03-29,1365897.94,1232974.0,1094030.0,271868.0
2024-03-30,1571032.83,1226392.0,1125188.0,445845.0
2024-03-31,1594383.23,1230794.0,1146368.0,448015.0
2024-04-01,1033631.35,1235935.0,1142488.0,-108856.0
2024-04-02,1007437.88,1229171.0,1137385.0,-129947.0
2024-04-03,991163.93,1226142.0,1145640.0,-154476.0
2024-04-04,1039444.44,1228999.0,1156281.0,-116837.0
2024-04-05,1364252.33,1228764.0,1177481.0,186771.0
2024-04-06,1582028.53,1230335.0,1206100.0,375928.0
2024-04-07,1591278.46,1229891.0,1226814.0,364465.0
2024-04-08,1033534.56,1229877.0,1222661.0,-189127.0
2024-04-09,1017315.33,1231288.0,1218191.0,-200876.0
2024-04-10,1837996.04,1352264.0,1245243.0,592753.0
2024-04-11,1279278.19,1386526.0,1253848.0,25430.0
2024-04-12,1772205.75,1444805.0,1278551.0,493655.0
2024-04-13,2037529.91,1509877.0,1312526.0,725004.0
2024-04-14,2075234.44,1579013.0,1336324.0,738910.0
2024-04-15,1347177.77,1623820.0,1328478.0,18700.0
2024-04-16,1313428.62,1666122.0,1318999.0,-5570.0
2024-04-17,1330105.2,1593566.0,1328852.0,1253.0
2024-04-18,734119.85,1515686.0,1319388.0,-585269.0
2024-04-19,990448.87,1404006.0,1317759.0,-327310.0
2024-04-20,1101820.07,1270334.0,1320335.0,-218515.0
2024-04-21,1137983.58,1136441.0,1313788.0,-175805.0
2024-04-22,742395.86,1050043.0,1284631.0,-542235.0
2024-04-23,733639.79,967216.0,1256967.0,-523327.0
2024-04-24,715865.25,879468.0,1247574.0,-531709.0
2024-04-25,741061.22,880459.0,1237117.0,-496056.0
2024-04-26,966237.42,877000.0,1235579.0,-269342.0
2024-04-27,1125856.86,880434.0,1239126.0,-113269.0
2024-04-28,1133351.57,879773.0,1231375.0,-98023.0
2024-04-29,750614.86,880947.0,1204027.0,-453413.0
2024-04-30,706182.44,877024.0,1174421.0,-468238.0
2024-05-01,695204.41,874073.0,1163140.0,-467935.0
2024-05-02,693296.78,867249.0,1152668.0,-459372.0
2024-05-03,929271.9,861968.0,1150605.0,-221333.0
2024-05-04,1072508.76,854347.0,1151707.0,-79199.0
2024-05-05,1061444.0,844075.0,1141614.0,-80170.0
2024-05-06,689822.91,835390.0,1111874.0,-422051.0
2024-05-07,686864.43,832630.0,1081727.0,-394862.0
2024-05-08,693133.5,832335.0,1070380.0,-377246.0
2024-05-09,678292.74,830191.0,1059079.0,-380786.0
2024-05-10,926447.84,829788.0,1028694.0,-102246.0
2024-05-11,1057990.14,827714.0,1021318.0,36672.0
2024-05-12,1084098.83,830950.0,998381.0,85718.0
2024-05-13,687770.44,830657.0,953389.0,-265619.0
2024-05-14,679169.17,829558.0,906854.0,-227684.0
2024-05-15,690436.81,829172.0,884962.0,-194525.0
2024-05-16,699458.28,832196.0,864496.0,-165038.0
2024-05-17,952256.77,835883.0,851902.0,100355.0
2024-05-18,1060004.62,836171.0,862764.0,197240.0
2024-05-19,1062804.43,833129.0,865176.0,197628.0
2024-05-20,698718.73,834693.0,851739.0,-153021.0
2024-05-21,690929.84,836373.0,836838.0,-145908.0
2024-05-22,692263.25,836634.0,835167.0,-142903.0
2024-05-23,703238.2,837174.0,834153.0,-130915.0
2024-05-24,931775.08,834248.0,841350.0,90425.0
2024-05-25,1057527.15,833894.0,851899.0,205628.0
2024-05-26,1053827.89,832611.0,854819.0,199009.0
2024-05-27,688293.38,831122.0,840233.0,-151940.0
2024-05-28,692519.45,831349.0,825539.0,-133019.0
2024-05-29,683429.26,830087.0,823299.0,-139870.0
2024-05-30,690590.78,828280.0,822780.0,-132189.0
2024-05-31,933191.09,828483.0,830713.0,102479.0
2024-06-01,1064610.08,829495.0,843090.0,221520.0
2024-06-02,1062418.52,830722.0,847528.0,214891.0
2024-06-03,692791.01,831364.0,834871.0,-142080.0
2024-06-04,692264.73,831328.0,822565.0,-130300.0
2024-06-05,706053.15,834560.0,823106.0,-117053.0
2024-06-06,690597.16,834561.0,823230.0,-132633.0
2024-06-07,928972.01,833958.0,831091.0,97881.0
2024-06-08,1106280.45,839911.0,845358.0,260923.0
2024-06-09,1078752.27,842244.0,850434.0,228318.0
2024-06-10,691476.7,842057.0,838217.0,-146741.0
2024-06-11,701129.37,843323.0,825452.0,-124322.0
2024-06-12,697803.35,842144.0,825786.0,-127983.0
2024-06-13,699272.36,843384.0,826456.0,-127184.0
2024-06-14,923366.86,842583.0,834221.0,89146.0
2024-06-15,1334898.41,875243.0,855402.0,479497.0
2024-06-16,1353778.9,914532.0,868786.0,484993.0
2024-06-17,859114.06,938480.0,862090.0,-2976.0
2024-06-18,859181.34,961059.0,855302.0,3879.0
2024-06-19,855274.11,983555.0,860521.0,-5247.0
2024-06-20,874542.8,1008594.0,866641.0,7902.0
2024-06-21,1173691.5,1044354.0,882689.0,291003.0
2024-06-22,1344440.11,1045718.0,904062.0,440378.0
2024-06-23,1316350.78,1040371.0,916881.0,399469.0
2024-06-24,859854.44,1040476.0,910292.0,-50438.0
2024-06-25,871642.42,1042257.0,904219.0,-32577.0
2024-06-26,858794.71,1042760.0,909903.0,-51108.0
2024-06-27,872921.74,1042528.0,915916.0,-42994.0
2024-06-28,1151593.18,1039371.0,931522.0,220072.0
2024-06-29,1359318.57,1041497.0,953813.0,405506.0
2024-06-30,1344080.75,1045458.0,967509.0,376572.0
2024-07-01,809479.36,1038262.0,959005.0,-149525.0
2024-07-02,809917.61,1029444.0,950588.0,-140670.0
2024-07-03,820609.03,1023989.0,954848.0,-134239.0
2024-07-04,831545.83,1018078.0,959491.0,-127945.0
2024-07-05,1094209.22,1009880.0,972430.0,121780.0
2024-07-06,1242163.65,993144.0,990815.0,251348.0
2024-07-07,1228692.36,976660.0,1000806.0,227886.0
2024-07-08,813202.32,977191.0,991037.0,-177834.0
2024-07-09,805364.81,976541.0,981924.0,-176559.0
2024-07-10,801864.32,973863.0,985603.0,-183739.0
2024-07-11,810226.82,970818.0,989240.0,-179013.0
2024-07-12,1104375.82,972270.0,1002792.0,101584.0
2024-07-13,1282391.37,978017.0,1022230.0,260162.0
2024-07-14,1275064.14,984641.0,1033953.0,241111.0
2024-07-15,801509.99,982971.0,1016173.0,-214663.0
2024-07-16,652086.07,961074.0,992783.0,-340697.0
2024-07-17,660998.57,940950.0,986180.0,-325181.0
2024-07-18,668607.57,920719.0,979827.0,-311220.0
2024-07-19,866640.67,886757.0,980206.0,-113565.0
2024-07-20,1060637.81,855078.0,986409.0,74229.0
2024-07-21,1034343.06,820689.0,981764.0,52579.0
2024-07-22,661471.2,800684.0,958999.0,-297527.0
2024-07-23,658210.93,801559.0,937061.0,-278850.0
2024-07-24,659315.52,801318.0,930376.0,-271060.0
2024-07-25,655999.15,799517.0,923188.0,-267189.0
2024-07-26,867690.89,799667.0,923484.0,-55794.0
2024-07-27,1033937.61,795853.0,928852.0,105086.0
2024-07-28,1024090.44,794388.0,924602.0,99489.0
2024-07-29,669424.3,795524.0,901605.0,-232181.0
2024-07-30,654249.97,794958.0,878611.0,-224361.0
2024-07-31,662269.63,795380.0,873704.0,-211434.0
2024-08-01,660965.07,796090.0,868739.0,-207774.0
2024-08-02,886921.82,798837.0,870949.0,15973.0
2024-08-03,1001981.12,794272.0,876630.0,125351.0
2024-08-04,1023074.17,794127.0,874259.0,148815.0
2024-08-05,650737.06,791457.0,854545.0,-203808.0
2024-08-06,673642.9,794227.0,836043.0,-162400.0
2024-08-07,661125.41,794064.0,830974.0,-169849.0
2024-08-08,668492.72,795139.0,826412.0,-157919.0
2024-08-09,871670.18,792961.0,828738.0,42932.0
2024-08-10,1030453.08,797028.0,836079.0,194374.0
2024-08-11,1040665.28,799541.0,833956.0,206710.0
2024-08-12,652695.22,799821.0,812966.0,-160270.0
2024-08-13,668711.78,799116.0,792754.0,-124042.0
2024-08-14,653075.7,797966.0,787806.0,-134730.0
2024-08-15,936195.06,836209.0,797276.0,138919.0
2024-08-16,1257437.46,891319.0,817158.0,440280.0
2024-08-17,1481652.59,955776.0,844259.0,637393.0
2024-08-18,1450184.49,1014279.0,863711.0,586474.0
2024-08-19,921160.67,1052631.0,859061.0,62099.0
2024-08-20,921535.98,1088749.0,855301.0,66235.0
2024-08-21,928001.98,1128024.0,864186.0,63816.0
2024-08-22,942940.46,1128988.0,873677.0,69264.0
2024-08-23,1255672.45,1128736.0,893555.0,362117.0
2024-08-24,1422479.72,1120282.0,919105.0,503375.0
2024-08-25,1486638.39,1125490.0,939736.0,546902.0
2024-08-26,925493.37,1126109.0,936121.0,-10628.0
2024-08-27,942283.78,1129073.0,933394.0,8889.0
2024-08-28,942879.92,1131198.0,942510.0,370.0
2024-08-29,963854.93,1134186.0,952830.0,11025.0
2024-08-30,1201719.86,1126479.0,970811.0,230908.0
2024-08-31,1487558.91,1135776.0,998365.0,489194.0
2024-09-01,1538203.23,1143142.0,1020074.0,518129.0
2024-09-02,977547.46,1150578.0,1019259.0,-41712.0
2024-09-03,959176.89,1152992.0,1017130.0,-57953.0
2024-09-04,984993.89,1159008.0,1028271.0,-43278.0
2024-09-05,983665.06,1161838.0,1038606.0,-54940.0
2024-09-06,1287507.25,1174093.0,1059485.0,228022.0
2024-09-07,1515562.99,1178094.0,1087721.0,427842.0
2024-09-08,1523387.05,1175977.0,1109444.0,413943.0
2024-09-09,972261.17,1175222.0,1107505.0,-135244.0
2024-09-10,987154.92,1179219.0,1105721.0,-118566.0
2024-09-11,722764.96,1141758.0,1108057.0,-385292.0
2024-09-12,695572.46,1100602.0,1108952.0,-413380.0
2024-09-13,931429.59,1049733.0,1118231.0,-186801.0
2024-09-14,1087486.06,988579.0,1123274.0,-35788.0
2024-09-15,1085114.78,925969.0,1117530.0,-32415.0
2024-09-16,708270.58,888256.0,1091750.0,-383480.0
2024-09-17,672273.75,843273.0,1065820.0,-393546.0
2024-09-18,693609.65,839108.0,1058235.0,-364625.0
2024-09-19,689693.77,838268.0,1050507.0,-360813.0
2024-09-20,933599.32,838578.0,1050693.0,-117094.0
2024-09-21,1049965.8,833218.0,1054261.0,-4295.0
2024-09-22,1077739.55,832165.0,1048330.0,29410.0
2024-09-23,677161.05,827720.0,1023486.0,-346325.0
2024-09-24,705031.87,832400.0,997432.0,-292400.0
2024-09-25,679314.51,830358.0,989226.0,-309912.0
2024-09-26,678604.61,828774.0,980437.0,-301832.0
2024-09-27,929021.99,828120.0,979975.0,-50953.0
2024-09-28,1086094.24,833281.0,984050.0,102045.0
2024-09-29,1078847.83,833439.0,979954.0,98894.0
2024-09-30,679413.81,833761.0,953016.0,-273602.0
2024-10-01,744102.03,839343.0,926546.0,-182444.0
2024-10-02,726867.13,846136.0,918190.0,-191322.0
2024-10-03,748262.46,856087.0,911159.0,-162897.0
2024-10-04,995774.85,865623.0,911519.0,84256.0
2024-10-05,1161484.44,876393.0,917446.0,244039.0
2024-10-06,1164659.72,888652.0,913351.0,251309.0
2024-10-07,740246.96,897343.0,887507.0,-147260.0
2024-10-08,730906.27,895457.0,861091.0,-130185.0
2024-10-09,768485.02,901403.0,854298.0,-85813.0
2024-10-10,745522.38,901011.0,846244.0,-100722.0
2024-10-11,991253.58,900365.0,855194.0,136060.0
2024-10-12,1162840.07,900559.0,870769.0,292071.0
2024-10-13,1161378.7,900090.0,878434.0,282944.0
2024-10-14,748603.17,901284.0,867138.0,-118535.0
2024-10-15,748932.62,903859.0,855932.0,-106999.0
2024-10-16,750634.46,901309.0,857344.0,-106710.0
2024-10-17,739059.0,900386.0,859570.0,-120511.0
2024-10-18,994227.25,900811.0,869591.0,124636.0
2024-10-19,1169581.05,901774.0,885587.0,283994.0
2024-10-20,1157123.28,901166.0,893038.0,264085.0
2024-10-21,745988.55,900792.0,882905.0,-136917.0
2024-10-22,743431.36,900006.0,871762.0,-128330.0
2024-10-23,753145.78,900365.0,874295.0,-121149.0
2024-10-24,744699.41,901171.0,875617.0,-130917.0
2024-10-25,993680.72,901093.0,886096.0,107585.0
2024-10-26,1168873.22,900992.0,902438.0,266435.0
2024-10-27,1144101.75,899132.0,909607.0,234494.0
2024-10-28,752615.03,900078.0,898491.0,-145876.0
2024-10-29,734224.56,898763.0,887004.0,-152779.0
2024-10-30,752559.38,898679.0,889442.0,-136883.0
2024-10-31,743356.13,898487.0,889417.0,-146061.0
2024-11-01,1401578.55,956758.0,911908.0,489671.0
2024-11-02,1581992.35,1015775.0,939699.0,642294.0
2024-11-03,1641979.15,1086901.0,961239.0,680740.0
2024-11-04,1046651.72,1128906.0,957411.0,89241.0
2024-11-05,1029298.6,1171059.0,952899.0,76400.0
2024-11-06,1020857.46,1209388.0,962253.0,58605.0
2024-11-07,1023539.62,1249414.0,972007.0,51532.0
2024-11-08,1388249.55,1247510.0,992666.0,395584.0
2024-11-09,1608623.17,1251314.0,1021436.0,587187.0
2024-11-10,1647602.44,1252118.0,1043314.0,604288.0
2024-11-11,1030258.93,1249776.0,1038895.0,-8636.0
2024-11-12,1023853.49,1248998.0,1034311.0,-10457.0
2024-11-13,1064870.49,1255285.0,1044853.0,20018.0
2024-11-14,1034398.86,1256837.0,1054369.0,-19970.0
2024-11-15,1368977.23,1254084.0,1074980.0,293997.0
2024-11-16,1602070.65,1253147.0,1103747.0,498324.0
2024-11-17,1621757.52,1249455.0,1124665.0,497093.0
2024-11-18,1030358.21,1249469.0,1120024.0,-89666.0
2024-11-19,1034056.3,1250927.0,1115922.0,-81865.0
2024-11-20,1042310.89,1247704.0,1125799.0,-83488.0
2024-11-21,1072655.94,1253170.0,1136773.0,-64117.0
2024-11-22,1409424.99,1258948.0,1158649.0,250776.0
2024-11-23,1647229.91,1265399.0,1188734.0,458496.0
2024-11-24,1590426.1,1260923.0,1208625.0,381801.0
2024-11-25,1025628.12,1260247.0,1203850.0,-178222.0
2024-11-26,1066537.04,1264888.0,1201265.0,-134728.0
2024-11-27,1040263.2,1264595.0,1210853.0,-170590.0
2024-11-28,1021289.32,1257257.0,1220422.0,-199133.0
2024-11-29,3855798.6,1606739.0,1323863.0,2531935.0
2024-11-30,4587709.36,2026807.0,1452008.0,3135701.0
2024-12-01,4850672.68,2492557.0,1566978.0,3283695.0
2024-12-02,5227095.73,3092767.0,1688482.0,3538614.0
2024-12-03,1805821.65,3198379.0,1693943.0,111879.0
2024-12-04,1113979.84,3208910.0,1696187.0,-582207.0
2024-12-05,1109967.36,3221578.0,1698876.0,-588909.0
2024-12-06,1466200.09,2880207.0,1713721.0,-247521.0
2024-12-07,1714917.29,2469808.0,1736767.0,-21850.0
2024-12-08,1712174.97,2021451.0,1747564.0,-35389.0
2024-12-09,1089973.9,1430434.0,1730276.0,-640302.0
2024-12-10,2430066.5,1519611.0,1756358.0,673708.0
2024-12-11,2459589.28,1711841.0,1804003.0,655587.0
2024-12-12,2422472.4,1899342.0,1850623.0,571849.0
2024-12-13,3263375.51,2156081.0,1923907.0,1339469.0
2024-12-14,3761632.4,2448469.0,2014814.0,1746818.0
2024-12-15,3804203.77,2747331.0,2095989.0,1708215.0
2024-12-16,2453573.22,2942130.0,2124372.0,329201.0
2024-12-17,2472825.69,2948239.0,2152741.0,320085.0
2024-12-18,2452302.4,2947198.0,2200139.0,252163.0
2024-12-19,2456934.75,2952121.0,2247568.0,209366.0
2024-12-20,3254534.51,2950858.0,2321309.0,933225.0
2024-12-21,3679702.59,2939154.0,2408211.0,1271492.0
2024-12-22,3832606.03,2943211.0,2488983.0,1343623.0
2024-12-23,2352364.07,2928753.0,2512488.0,-160124.0
2024-12-24,2432995.02,2923063.0,2540574.0,-107579.0
2024-12-25,2496103.76,2929320.0,2589589.0,-93486.0
2024-12-26,1101962.83,2735753.0,2590770.0,-1488807.0
2024-12-27,1484637.35,2482910.0,2605583.0,-1120945.0
2024-12-28,1676606.24,2196754.0,2627427.0,-950820.0
2024-12-29,1708019.6,1893241.0,2555834.0,-847814.0
2024-12-30,1103237.8,1714795.0,2439685.0,-1336447.0
2024-12-31,1103736.36,1524901.0,2314787.0,-1211051.0
2025-01-01,760358.24,1276937.0,2165896.0,-1405538.0
2025-01-02,747184.03,1226254.0,2130608.0,-1383424.0
2025-01-03,987864.77,1155287.0,2126404.0,-1138539.0
2025-01-04,1130217.02,1077231.0,2127079.0,-996862.0
2025-01-05,1163004.58,999372.0,2116973.0,-953968.0
2025-01-06,736386.17,946964.0,2084355.0,-1347969.0
2025-01-07,743548.44,895509.0,2052067.0,-1308519.0
2025-01-08,737980.01,892312.0,2040334.0,-1302354.0
2025-01-09,732865.18,890267.0,1983761.0,-1250896.0
2025-01-10,1003087.6,892441.0,1935211.0,-932123.0
2025-01-11,1112401.38,889896.0,1891542.0,-779140.0
2025-01-12,1160134.65,889486.0,1821434.0,-661299.0
2025-01-13,753256.43,891896.0,1721154.0,-967898.0
2025-01-14,739880.45,891372.0,1619010.0,-879130.0
2025-01-15,753843.34,893638.0,1562353.0,-808509.0
2025-01-16,624638.82,878178.0,1500746.0,-876108.0
2025-01-17,845894.43,855721.0,1447200.0,-601305.0
2025-01-18,989482.06,838161.0,1398284.0,-408802.0
2025-01-19,993261.88,814322.0,1322909.0,-329647.0
2025-01-20,639314.81,798045.0,1221562.0,-582248.0
2025-01-21,641822.23,784037.0,1115203.0,-473381.0
2025-01-22,631855.52,766610.0,1057853.0,-425997.0
2025-01-23,626165.01,766828.0,997625.0,-371460.0
2025-01-24,865762.14,769666.0,943280.0,-77518.0
2025-01-25,993417.69,770228.0,939662.0,53756.0
2025-01-26,985337.89,769096.0,923019.0,62319.0
2025-01-27,634401.24,768395.0,888279.0,-253877.0
2025-01-28,648038.18,769283.0,852946.0,-204908.0
2025-01-29,630287.11,769058.0,837181.0,-206894.0
2025-01-30,643503.35,771535.0,821840.0,-178336.0
2025-01-31,860473.0,770780.0,825177.0,35296.0
2025-02-01,1000502.32,771792.0,833621.0,166881.0
2025-02-02,1016016.18,776174.0,834559.0,181457.0
2025-02-03,633192.46,776002.0,817992.0,-184799.0
2025-02-04,646243.84,775745.0,800766.0,-154523.0
2025-02-05,630506.92,775777.0,797237.0,-166730.0
2025-02-06,647389.58,776332.0,794032.0,-146642.0
2025-02-07,856685.24,775791.0,797989.0,58697.0
2025-02-08,995166.47,775029.0,806732.0,188434.0
2025-02-09,994502.8,771955.0,806446.0,188057.0
2025-02-10,633923.46,772060.0,790497.0,-156573.0
2025-02-11,648449.81,772375.0,773440.0,-124991.0
2025-02-12,630965.56,772440.0,769364.0,-138399.0
2025-02-13,635938.73,770805.0,765899.0,-129961.0
2025-02-14,856077.2,770718.0,769307.0,86770.0
2025-02-15,995377.0,770748.0,781665.0,213712.0
2025-02-16,1014732.48,773638.0,787293.0,227439.0
2025-02-17,623661.11,772172.0,775099.0,-151438.0
2025-02-18,622565.41,768474.0,762742.0,-140177.0
2025-02-19,639552.28,769701.0,762750.0,-123198.0
2025-02-20,636423.58,769770.0,762570.0,-126147.0
2025-02-21,859678.66,770284.0,770165.0,89514.0
2025-02-22,1004601.5,771602.0,782779.0,221822.0
2025-02-23,978166.22,766378.0,786526.0,191640.0
2025-02-24,633320.51,767758.0,774523.0,-141202.0
2025-02-25,650128.68,771696.0,763349.0,-113220.0
2025-02-26,646004.72,772618.0,763736.0,-117731.0
2025-02-27,653033.96,774991.0,763902.0,-110868.0
2025-02-28,1240965.92,829460.0,784258.0,456708.0
2025-03-01,1596372.52,913999.0,816021.0,780352.0
2025-03-02,1617846.24,1005382.0,841266.0,776580.0
2025-03-03,998486.87,1057548.0,841199.0,157288.0
2025-03-04,1021768.28,1110640.0,841391.0,180377.0
2025-03-05,1015469.63,1163420.0,854134.0,161336.0
2025-03-06,999895.68,1212972.0,865922.0,133974.0
2025-03-07,1377645.27,1232498.0,890827.0,486819.0
2025-03-08,1586406.23,1231074.0,922127.0,664279.0
2025-03-09,1568332.47,1224001.0,945849.0,622484.0
2025-03-10,1035110.72,1229233.0,947180.0,87931.0
2025-03-11,1027330.73,1230027.0,948274.0,79056.0
2025-03-12,1025621.68,1231478.0,961331.0,64291.0
2025-03-13,1001383.19,1231690.0,973095.0,28288.0
2025-03-14,1344796.66,1226997.0,996890.0,347907.0
2025-03-15,1581729.28,1226329.0,1028416.0,553313.0
2025-03-16,1602291.0,1231180.0,1053290.0,549001.0
2025-03-17,1017396.57,1228650.0,1054024.0,-36627.0
2025-03-18,1028696.89,1228845.0,1054489.0,-25793.0
2025-03-19,1023300.42,1228513.0,1067811.0,-44510.0
2025-03-20,1021535.37,1231392.0,1081110.0,-59574.0
2025-03-21,1383556.94,1236929.0,1105910.0,277647.0
2025-03-22,1606525.75,1240472.0,1138247.0,468279.0
2025-03-23,1544207.04,1232174.0,1161064.0,383143.0
2025-03-24,1019747.24,1232510.0,1161569.0,-141822.0
2025-03-25,997734.75,1228087.0,1162221.0,-164487.0
2025-03-26,1031352.72,1229237.0,1175489.0,-144136.0
2025-03-27,1005226.99,1226907.0,1187326.0,-182099.0
2025-03-28,1354265.88,1222723.0,1210934.0,143331.0
2025-03-29,1571560.93,1217728.0,1241552.0,330009.0
2025-03-30,2937727.01,1416802.0,1298111.0,1639616.0
2025-03-31,1389682.76,1469650.0,1291221.0,98462.0
2025-04-01,1400481.26,1527185.0,1283976.0,116506.0
2025-04-02,1395086.01,1579147.0,1297196.0,97890.0
2025-04-03,1401755.63,1635794.0,1309862.0,91894.0
2025-04-04,1845638.17,1705990.0,1337534.0,508104.0
2025-04-05,2183036.82,1793344.0,1376972.0,806065.0
2025-04-06,2144728.53,1680058.0,1402542.0,742187.0
2025-04-07,741035.99,1587395.0,1374363.0,-633327.0
2025-04-08,725737.9,1491003.0,1346276.0,-620538.0
2025-04-09,737437.25,1397053.0,1336354.0,-598916.0
2025-04-10,728366.65,1300854.0,1326388.0,-598021.0
2025-04-11,969522.47,1175695.0,1324518.0,-354996.0
2025-04-12,1143181.67,1027144.0,1329245.0,-186063.0
2025-04-13,1123898.57,881312.0,1321881.0,-197983.0
2025-04-14,725604.99,879107.0,1293344.0,-567739.0
2025-04-15,732328.88,880049.0,1264345.0,-532016.0
2025-04-16,721981.08,877841.0,1254498.0,-532517.0
2025-04-17,738540.19,879294.0,1244826.0,-506286.0
2025-04-18,986036.79,881653.0,1243584.0,-257547.0
2025-04-19,1144545.8,881848.0,1247684.0,-103139.0
2025-04-20,1122923.5,881709.0,1238997.0,-116073.0
2025-04-21,733806.88,882880.0,1209906.0,-476099.0
2025-04-22,727104.26,882134.0,1182669.0,-455565.0
2025-04-23,755278.2,886891.0,1173854.0,-418575.0
2025-04-24,731779.51,885925.0,1164988.0,-433209.0
2025-04-25,989864.93,886472.0,1163606.0,-173741.0
2025-04-26,1149925.91,887240.0,1168429.0,-18503.0
2025-04-27,1144214.67,890282.0,1161427.0,-17212.0
2025-04-28,719400.3,888224.0,1133022.0,-413621.0
2025-04-29,743808.56,890610.0,1059891.0,-316083.0
2025-04-30,728552.95,886792.0,1037853.0,-309301.0
2025-05-01,678414.41,879169.0,1013785.0,-335370.0
2025-05-02,903028.59,866764.0,997383.0,-94354.0
2025-05-03,1092674.77,858585.0,987080.0,105595.0
2025-05-04,1081669.23,849650.0,961614.0,120055.0
2025-05-05,701732.14,847126.0,912238.0,-210505.0
2025-05-06,703416.58,841356.0,864194.0,-160777.0
2025-05-07,701042.53,837425.0,862861.0,-161818.0
2025-05-08,692084.04,839378.0,861739.0,-169655.0
2025-05-09,942674.69,845042.0,868580.0,74095.0
2025-05-10,1092311.77,844990.0,880712.0,211600.0
2025-05-11,1085026.66,845470.0,884562.0,200465.0
2025-05-12,700068.77,845232.0,869791.0,-169723.0
2025-05-13,682612.84,842260.0,855082.0,-172469.0
2025-05-14,688712.17,840499.0,853852.0,-165140.0
2025-05-15,705765.99,842453.0,852967.0,-147201.0
2025-05-16,923600.05,839728.0,859687.0,63913.0
2025-05-17,1058332.8,834874.0,870347.0,187986.0
2025-05-18,1073460.12,833222.0,873261.0,200199.0
2025-05-19,700345.35,833261.0,858454.0,-158109.0
2025-05-20,692552.81,834681.0,844109.0,-151556.0
2025-05-21,687167.07,834461.0,842554.0,-155387.0
2025-05-22,686932.62,831770.0,841215.0,-154282.0
2025-05-23,926453.87,832178.0,846921.0,79533.0
2025-05-24,1078095.59,835001.0,858465.0,219631.0
2025-05-25,1072677.99,834889.0,861225.0,211453.0
2025-05-26,697096.16,834425.0,846131.0,-149035.0
2025-05-27,670524.32,831278.0,830341.0,-159817.0
2025-05-28,702194.32,833425.0,829768.0,-127573.0
2025-05-29,701929.37,835567.0,828372.0,-126442.0
2025-05-30,904089.77,832373.0,834223.0,69867.0
2025-05-31,1078889.42,832486.0,847572.0,231317.0
2025-06-01,1069238.66,831995.0,853112.0,216126.0
2025-06-02,701475.31,832620.0,840072.0,-138597.0
2025-06-03,696560.53,836340.0,827235.0,-130675.0
2025-06-04,677330.14,832788.0,826422.0,-149092.0
2025-06-05,701759.38,832763.0,826367.0,-124607.0
2025-06-06,939210.12,837781.0,834306.0,104904.0
2025-06-07,1078020.45,837656.0,847170.0,230850.0
2025-06-08,1072168.99,838075.0,851487.0,220682.0
2025-06-09,684903.56,835708.0,837907.0,-153003.0
2025-06-10,696714.71,835730.0,824963.0,-128248.0
2025-06-11,682364.6,836449.0,824373.0,-142008.0
2025-06-12,687684.89,834438.0,824542.0,-136857.0
2025-06-13,925158.15,832431.0,832423.0,92735.0
2025-06-14,1065653.58,830664.0,844419.0,221234.0
2025-06-15,1319266.3,865964.0,857608.0,461658.0
2025-06-16,859436.99,890897.0,850979.0,8458.0
2025-06-17,865149.24,914959.0,844035.0,21114.0
2025-06-18,854557.57,939558.0,849175.0,5382.0
2025-06-19,885179.28,967772.0,855596.0,29583.0
2025-06-20,1142812.74,998865.0,870784.0,272028.0
2025-06-21,1361679.85,1041155.0,893276.0,468404.0
2025-06-22,1309401.73,1039745.0,906041.0,403361.0
2025-06-23,854344.66,1039018.0,898582.0,-44238.0
2025-06-24,870761.44,1039820.0,891852.0,-21090.0
2025-06-25,852123.42,1039472.0,897019.0,-44896.0
2025-06-26,853666.72,1034970.0,903124.0,-49457.0
2025-06-27,1141944.73,1034846.0,917783.0,224162.0
2025-06-28,1339179.49,1031632.0,939024.0,400155.0
2025-06-29,1324383.81,1033772.0,953034.0,371350.0
2025-06-30,868945.97,1035858.0,946036.0,-77090.0
2025-07-01,811459.24,1027386.0,937443.0,-125984.0
2025-07-02,803297.47,1020411.0,940837.0,-137540.0
2025-07-03,818976.79,1015455.0,944918.0,-125941.0
2025-07-04,1084648.7,1007270.0,958495.0,126154.0
2025-07-05,1257475.26,995598.0,977019.0,280456.0
2025-07-06,1249157.23,984852.0,987351.0,261807.0
2025-07-07,798646.5,974809.0,978038.0,-179392.0
2025-07-08,821194.31,976199.0,969672.0,-148478.0
2025-07-09,810662.25,977252.0,973864.0,-163202.0
2025-07-10,806574.45,975480.0,977526.0,-170952.0
2025-07-11,1068801.27,973216.0,990407.0,78394.0
2025-07-12,1260675.07,973673.0,1009507.0,251168.0
2025-07-13,1259735.12,975184.0,1020660.0,239075.0
2025-07-14,802581.56,975746.0,1011891.0,-209309.0
2025-07-15,812308.86,974477.0,994992.0,-182683.0
2025-07-16,669976.38,954379.0,988677.0,-318700.0
2025-07-17,658127.45,933172.0,981776.0,-323649.0
2025-07-18,890377.43,907683.0,982970.0,-92593.0
2025-07-19,1018859.28,873138.0,987426.0,31433.0
2025-07-20,1016760.24,838427.0,983224.0,33536.0
2025-07-21,645502.37,815987.0,959352.0,-313849.0
2025-07-22,657947.46,793936.0,937636.0,-279689.0
2025-07-23,651478.72,791293.0,930874.0,-279396.0
2025-07-24,664775.29,792243.0,924008.0,-259233.0
2025-07-25,879302.67,790661.0,924914.0,-45611.0
2025-07-26,1036245.4,793145.0,931000.0,105245.0
2025-07-27,1047044.79,797471.0,927837.0,119208.0
2025-07-28,651342.65,798305.0,904909.0,-253566.0
2025-07-29,652809.92,797571.0,882523.0,-229713.0
2025-07-30,664457.06,799425.0,875707.0,-211250.0
2025-07-31,655256.38,798066.0,870500.0,-215244.0
2025-08-01,875422.23,797511.0,872904.0,2518.0
2025-08-02,1029056.72,796484.0,879907.0,149150.0
2025-08-03,1040746.87,795585.0,878443.0,162303.0
2025-08-04,652603.14,795765.0,858281.0,-205678.0
2025-08-05,657063.62,796372.0,838545.0,-181481.0
2025-08-06,655887.66,795148.0,833786.0,-177898.0
2025-08-07,662304.03,796155.0,828490.0,-166186.0
2025-08-08,889677.42,798191.0,831123.0,58554.0
2025-08-09,1018147.51,796633.0,838176.0,179972.0
2025-08-10,1036053.92,795962.0,837084.0,198970.0
2025-08-11,656107.09,796463.0,816932.0,-160825.0
2025-08-12,655674.66,796265.0,796797.0,-141122.0
2025-08-13,670401.37,798338.0,792391.0,-121989.0
2025-08-14,653698.3,797109.0,787104.0,-133405.0
2025-08-15,1247094.38,848168.0,806341.0,440754.0
2025-08-16,1460335.93,911338.0,833081.0,627255.0
2025-08-17,1448491.52,970258.0,851685.0,596807.0
2025-08-18,907532.8,1006176.0,847974.0,59559.0
2025-08-19,928185.3,1045106.0,845022.0,83164.0
2025-08-20,947882.94,1084746.0,855101.0,92782.0
2025-08-21,939974.72,1125643.0,864502.0,75473.0
2025-08-22,1252329.06,1126390.0,884530.0,367799.0
2025-08-23,1421338.21,1120819.0,909749.0,511589.0
2025-08-24,1443344.85,1120084.0,928550.0,514795.0
2025-08-25,930416.58,1123353.0,925023.0,5394.0
2025-08-26,924628.97,1122845.0,920942.0,3687.0
2025-08-27,942124.13,1122022.0,930635.0,11489.0
2025-08-28,950609.34,1123542.0,940562.0,10048.0
2025-08-29,1261204.26,1124809.0,960453.0,300751.0
2025-08-30,1471718.51,1132007.0,987669.0,484050.0
2025-08-31,1468017.65,1135531.0,1007422.0,460596.0
2025-09-01,980585.03,1142698.0,1005806.0,-25221.0
2025-09-02,973806.54,1149724.0,1003575.0,-29768.0
2025-09-03,986841.11,1156112.0,1014716.0,-27875.0
2025-09-04,974766.3,1159563.0,1025306.0,-50540.0
2025-09-05,1311542.95,1166754.0,1047161.0,264382.0
2025-09-06,1533612.49,1175596.0,1076205.0,457408.0
2025-09-07,1528316.05,1184210.0,1097493.0,430823.0
2025-09-08,998814.01,1186814.0,1096848.0,-98034.0
2025-09-09,981914.32,1187972.0,1095044.0,-113129.0
2025-09-10,1005326.72,1190613.0,1106684.0,-101358.0
2025-09-11,686718.6,1149464.0,1107719.0,-421000.0
2025-09-12,931116.15,1095117.0,1116410.0,-185293.0
2025-09-13,1095983.35,1032598.0,1131152.0,-35169.0
2025-09-14,1084626.73,969214.0,1125737.0,-41110.0
2025-09-15,680321.96,923715.0,1099736.0,-419414.0
2025-09-16,676550.4,880092.0,1074005.0,-397455.0
2025-09-17,686776.25,834585.0,1066646.0,-379870.0
2025-09-18,669335.14,832101.0,1058018.0,-388683.0
2025-09-19,930086.61,831954.0,1057425.0,-127338.0
2025-09-20,1085366.97,830438.0,1062271.0,23096.0
2025-09-21,1083641.44,830297.0,1056648.0,26993.0
2025-09-22,671818.1,829082.0,1031664.0,-359846.0
2025-09-23,666127.1,827593.0,1005757.0,-339630.0
2025-09-24,703034.88,829916.0,998178.0,-295143.0
2025-09-25,706345.37,835203.0,990902.0,-284556.0
2025-09-26,903777.44,831444.0,989623.0,-85846.0
2025-09-27,1066987.38,828819.0,993503.0,73485.0
2025-09-28,1082377.13,828638.0,987542.0,94835.0
2025-09-29,693833.86,831783.0,961612.0,-267778.0
2025-09-30,692017.6,835482.0,935746.0,-243728.0
2025-10-01,753760.21,842728.0,928185.0,-174425.0
2025-10-02,734110.09,846695.0,920195.0,-186085.0
2025-10-03,981159.09,857749.0,920005.0,61154.0
2025-10-04,1156414.66,870525.0,926060.0,230354.0
2025-10-05,1153641.1,880705.0,920797.0,232844.0
2025-10-06,740141.18,887321.0,894348.0,-154207.0
2025-10-07,748905.63,895447.0,868368.0,-119462.0
2025-10-08,737000.26,893053.0,859641.0,-122640.0
2025-10-09,727171.6,892062.0,851149.0,-123978.0
2025-10-10,987013.63,892898.0,850539.0,136475.0
2025-10-11,1114491.67,886909.0,864798.0,249694.0
2025-10-12,1166760.12,888783.0,872653.0,294108.0
2025-10-13,725391.86,886676.0,860300.0,-134908.0
2025-10-14,737520.03,885050.0,848729.0,-111209.0
2025-10-15,724560.71,883273.0,850204.0,-125643.0
2025-10-16,734234.88,884282.0,852127.0,-117892.0
2025-10-17,981147.07,883444.0,861939.0,119208.0
2025-10-18,1143908.58,887646.0,877758.0,266150.0
2025-10-19,1131275.16,882577.0,884464.0,246811.0
2025-10-20,749642.95,886041.0,873274.0,-123631.0
2025-10-21,760809.14,889368.0,862513.0,-101703.0
2025-10-22,757254.27,894039.0,865360.0,-108106.0
2025-10-23,737713.68,894536.0,867747.0,-130033.0
2025-10-24,989217.77,895689.0,877286.0,111932.0
2025-10-25,1156115.68,897433.0,892278.0,263837.0
2025-10-26,1157460.04,901173.0,900735.0,256725.0
2025-10-27,742931.89,900215.0,889933.0,-147001.0
2025-10-28,739498.18,897170.0,878503.0,-139005.0
2025-10-29,750531.81,896210.0,880393.0,-129862.0
2025-10-30,752841.06,898371.0,882421.0,-129580.0
2025-10-31,983099.54,897497.0,890065.0,93034.0
2025-11-01,1653155.56,968503.0,920700.0,732455.0
2025-11-02,1621485.41,1034792.0,942045.0,679441.0
2025-11-03,1048931.0,1078506.0,938462.0,110469.0
2025-11-04,1024949.35,1119285.0,934172.0,90777.0
2025-11-05,1036433.86,1160128.0,944048.0,92385.0
2025-11-06,1054869.63,1203275.0,954247.0,100622.0
2025-11-07,1390904.06,1261533.0,976044.0,414860.0
2025-11-08,1609791.75,1255338.0,1005465.0,604327.0
2025-11-09,1602398.58,1252611.0,1025978.0,576421.0
2025-11-10,1036302.51,1250807.0,1023371.0,12931.0
2025-11-11,1054279.68,1254997.0,1019622.0,34658.0
2025-11-12,1058104.16,1258093.0,1030712.0,27392.0
2025-11-13,1055385.55,1258167.0,1041308.0,14078.0
2025-11-14,1415260.96,1261646.0,1064331.0,350930.0
2025-11-15,1626394.25,1264018.0,1094070.0,532324.0
2025-11-16,1646860.95,1270370.0,1116260.0,530601.0
2025-11-17,1077147.41,1276205.0,1114035.0,-36887.0
2025-11-18,1050407.14,1275651.0,1111339.0,-60932.0
2025-11-19,1040059.91,1273074.0,1121020.0,-80960.0
2025-11-20,1011958.36,1266870.0,1129391.0,-117433.0
2025-11-21,1407184.11,1265716.0,1151056.0,256128.0
2025-11-22,1611502.01,1263589.0,1180182.0,431320.0
2025-11-23,1641752.29,1262859.0,1201933.0,439819.0
2025-11-24,1042996.25,1257980.0,1198163.0,-155166.0
2025-11-25,1030644.49,1255157.0,1193935.0,-163291.0
2025-11-26,1040468.85,1255215.0,1203853.0,-163384.0
2025-11-27,1048644.09,1260456.0,1214158.0,-165514.0
2025-11-28,4159062.43,1653581.0,1327776.0,2831287.0
2025-11-29,4870564.86,2119162.0,1465033.0,3405532.0
2025-11-30,5040066.38,2604635.0,1600266.0,3439801.0
2025-12-01,5563704.35,3250451.0,1730617.0,3833087.0
2025-12-02,1804434.46,3360992.0,1736715.0,67719.0
2025-12-03,1102902.85,3369911.0,1738515.0,-635612.0
2025-12-04,1132530.45,3381895.0,1742101.0,-609570.0
2025-12-05,1478217.11,2998917.0,1756827.0,-278610.0
2025-12-06,1707743.72,2547086.0,1778589.0,-70845.0
2025-12-07,1707599.78,2071019.0,1789146.0,-81546.0
2025-12-08,1097564.11,1432999.0,1772071.0,-674507.0
2025-12-09,1113238.51,1334257.0,1755766.0,-642528.0
2025-12-10,2525054.73,1537421.0,1805391.0,719664.0
2025-12-11,2587713.8,1745305.0,1856506.0,731208.0
2025-12-12,3296445.01,2005051.0,1931117.0,1365328.0
2025-12-13,3869777.07,2313913.0,2024930.0,1844847.0
2025-12-14,3872417.78,2623173.0,2106835.0,1765583.0
2025-12-15,2521530.33,2826597.0,2136673.0,384857.0
2025-12-16,2548316.53,3031608.0,2166722.0,381595.0
2025-12-17,2610131.12,3043762.0,2217821.0,392310.0
2025-12-18,2528620.47,3035320.0,2267095.0,261526.0
2025-12-19,3416841.04,3052519.0,2346321.0,1070520.0
2025-12-20,3821742.79,3045657.0,2439980.0,1381762.0
2025-12-21,3943078.44,3055752.0,2524510.0,1418568.0
2025-12-22,2570679.01,3062773.0,2556483.0,14196.0
2025-12-23,2534521.77,3060802.0,2586242.0,-51720.0
2025-12-24,2527029.89,3048930.0,2635710.0,-108680.0
2025-12-25,2483331.4,3042461.0,2684132.0,-200801.0
2025-12-26,1482048.71,2766062.0,2698852.0,-1216803.0
2025-12-27,1715149.08,2465120.0,2721069.0,-1005920.0
2025-12-28,1730843.16,2149086.0,2640128.0,-909285.0
2025-12-29,1121558.54,1942069.0,2515161.0,-1393603.0
2025-12-30,1101691.03,1737379.0,2383882.0,-1282191.0
2025-12-31,1098036.51,1533237.0,2235026.0,-1136990.0
